[{"x":5.3086800575,"y":-1.3957713842,"label":"","size":12.8411842805,"r":72,"g":0,"b":0,"a":64},{"x":8.7769002914,"y":7.5801677704,"label":"3d Object\nDetection For\nAutonomous\nDriving","size":12.4908501207,"r":69,"g":85,"b":124,"a":64},{"x":11.6461305618,"y":2.4899919033,"label":"AI Ethics And\nGovernance","size":12.5751918173,"r":61,"g":121,"b":93,"a":64},{"x":13.6814775467,"y":7.433423996,"label":"Abstractive\nSummarization","size":13.1722631789,"r":0,"g":60,"b":73,"a":64},{"x":12.1107845306,"y":7.4435839653,"label":"Accelerating And\nCompressing Bert\nAnd Related\nModels","size":12.7089746061,"r":31,"g":92,"b":104,"a":64},{"x":7.9003062248,"y":4.5867500305,"label":"Activation\nFunctions","size":12.8215999198,"r":130,"g":95,"b":141,"a":64},{"x":7.5585312843,"y":1.3279958963,"label":"Active Learning\n1","size":12.018033977,"r":138,"g":87,"b":55,"a":64},{"x":7.6670746803,"y":1.2802233696,"label":"Active Learning\nIn Machine\nLearning","size":13.5306461182,"r":142,"g":92,"b":57,"a":64},{"x":8.3550033569,"y":-2.7504081726,"label":"Ad Auctions 1","size":12.3046940077,"r":106,"g":70,"b":12,"a":64},{"x":7.2386426926,"y":2.8410544395,"label":"Adaptive\nGradient\nOptimization\nMethods","size":13.314984696,"r":151,"g":88,"b":94,"a":64},{"x":12.3059835434,"y":7.3846545219,"label":"Adaptive\nLanguage Models","size":12.0705909189,"r":25,"g":86,"b":99,"a":64},{"x":9.8389062881,"y":-4.8168716431,"label":"Advanced\nReinforcement\nLearning\nTechniques","size":12.1694597275,"r":60,"g":31,"b":0,"a":64},{"x":10.6371479034,"y":-4.5133695602,"label":"Advances In Deep\nReinforcement\nLearning","size":13.5369634155,"r":57,"g":54,"b":2,"a":64},{"x":13.0971813202,"y":2.56523633,"label":"Adversarial\nAttacks And\nDefense In\nNeural Networks\n1","size":12.0705909189,"r":23,"g":79,"b":49,"a":64},{"x":13.109910965,"y":2.7675673962,"label":"Adversarial\nAttacks And\nDefenses","size":13.6645809426,"r":20,"g":79,"b":50,"a":64},{"x":13.6001138687,"y":3.619590044,"label":"Adversarial\nAttacks On NLP\nModels","size":13.16439092,"r":24,"g":89,"b":66,"a":64},{"x":10.6951494217,"y":-2.9989311695,"label":"Adversarial\nAttacks On\nReinforcement\nLearning\nPolicies","size":12.8508808034,"r":84,"g":91,"b":37,"a":64},{"x":7.7604951859,"y":-3.5287714005,"label":"Adversarial\nBandits And\nOptimal Regret","size":12.9981122402,"r":83,"g":36,"b":3,"a":64},{"x":12.697435379,"y":2.8834741116,"label":"Adversarial\nRobustness","size":12.1535130681,"r":34,"g":100,"b":79,"a":64},{"x":12.8325719833,"y":2.7644438744,"label":"Adversarial\nRobustness 1","size":14.0295216684,"r":28,"g":92,"b":67,"a":64},{"x":12.5625391006,"y":2.6203079224,"label":"Adversarial\nRobustness\nTechniques","size":12.2313205735,"r":40,"g":103,"b":80,"a":64},{"x":5.662981987,"y":-0.4863055944,"label":"Air quality\nforecasting","size":12.8411842805,"r":104,"g":31,"b":0,"a":64},{"x":13.0846891403,"y":1.3937149048,"label":"Algorithmic\nFairness","size":12.1210014956,"r":49,"g":103,"b":71,"a":64},{"x":6.5479178429,"y":9.8107271194,"label":"Alzheimer's\nDisease\nClassification\nUsing Mri Data\nAnd CNN","size":12.2463307796,"r":69,"g":52,"b":131,"a":64},{"x":10.5160179138,"y":0.6749830842,"label":"Anomaly\nDetection","size":12.6547478762,"r":80,"g":115,"b":69,"a":64},{"x":10.3280982971,"y":0.6131902933,"label":"Anomaly\nDetection\nTechniques For\nMachine Learning","size":12.8017538377,"r":86,"g":119,"b":70,"a":64},{"x":14.4980983734,"y":6.6220812798,"label":"Argument Mining","size":12.0,"r":0,"g":58,"b":54,"a":64},{"x":10.6802930832,"y":1.9269366264,"label":"Association Rule\nMining","size":12.3468222329,"r":77,"g":117,"b":74,"a":64},{"x":8.2354860306,"y":-2.9307694435,"label":"Auction\nStrategies And\nLearning","size":12.1694597275,"r":102,"g":62,"b":8,"a":64},{"x":11.5845279694,"y":11.2725658417,"label":"Audio Processing","size":12.0,"r":2,"g":57,"b":113,"a":64},{"x":12.4086151123,"y":11.6814012527,"label":"Audio Source\nSeparation","size":13.4987065476,"r":0,"g":34,"b":107,"a":64},{"x":6.6194090843,"y":5.9878087044,"label":"Autoencoder\nClustering","size":12.5983823731,"r":102,"g":65,"b":117,"a":64},{"x":11.8836650848,"y":5.818215847,"label":"Automated\nTheorem Proving","size":12.5154756021,"r":54,"g":118,"b":121,"a":64},{"x":11.178062439,"y":-2.1992900372,"label":"Autonomous\nDriving Research\n1","size":14.0955491316,"r":68,"g":94,"b":45,"a":64},{"x":13.6794605255,"y":2.2314624786,"label":"Backdoor Attacks\nOn Neural\nNetworks","size":14.2641066628,"r":19,"g":71,"b":37,"a":64},{"x":7.9859952927,"y":4.2360043526,"label":"Batch\nNormalization\nAnd\nRegularization\nTechniques In\nDeep Learning","size":14.0438651934,"r":137,"g":100,"b":146,"a":64},{"x":4.2145876884,"y":-2.0657329559,"label":"Battery\nModelling","size":12.1210014956,"r":63,"g":13,"b":6,"a":64},{"x":6.2486467361,"y":1.3112968206,"label":"Bayesian\nExperimental\nDesign","size":12.2313205735,"r":133,"g":77,"b":60,"a":64},{"x":4.0044226646,"y":2.8239481449,"label":"Bayesian Network\nStructure\nLearning","size":13.5115538103,"r":106,"g":9,"b":44,"a":64},{"x":7.3626146317,"y":3.4264752865,"label":"Bayesian Neural\nNetworks And\nApproximation\nMethods","size":13.7945242186,"r":153,"g":92,"b":112,"a":64},{"x":6.6366410255,"y":1.4367573261,"label":"Bayesian\nOptimization 1","size":14.3268362374,"r":138,"g":81,"b":63,"a":64},{"x":10.0660476685,"y":-4.4357361794,"label":"Bayesian\nReinforcement\nLearning","size":12.5396702738,"r":77,"g":58,"b":6,"a":64},{"x":7.3052434921,"y":-3.8983376026,"label":"Best Arm\nIdentification\nIn Stochastic\nMulti-armed\nBandits","size":12.7509380244,"r":64,"g":12,"b":5,"a":64},{"x":7.0322942734,"y":2.243724823,"label":"Bilevel\nStochastic\nOptimization","size":12.6982913533,"r":149,"g":87,"b":80,"a":64},{"x":9.8027629852,"y":3.8177955151,"label":"Binary Neural\nNetworks","size":12.1852082817,"r":66,"g":132,"b":130,"a":64},{"x":8.035695076,"y":5.2943611145,"label":"Biologically\nPlausible\nMachine Learning\nAlgorithms And\nArchitectures","size":12.8411842805,"r":127,"g":102,"b":150,"a":64},{"x":8.1243019104,"y":9.8310565948,"label":"Biomedical NLP","size":12.9445558754,"r":41,"g":53,"b":135,"a":64},{"x":9.530828476,"y":9.2081050873,"label":"Biometrics And\nGesture\nRecognition","size":12.7714756954,"r":0,"g":61,"b":127,"a":64},{"x":10.8173971176,"y":11.5242433548,"label":"Bird\/animal\nSound\nRecognition","size":12.5276256893,"r":0,"g":37,"b":130,"a":64},{"x":13.4554615021,"y":2.6566901207,"label":"Black-box\nAdversarial\nAttacks On Deep\nNeural Networks","size":12.7509380244,"r":14,"g":64,"b":31,"a":64},{"x":13.8433198929,"y":-0.0237311963,"label":"Blockchain-based\nSecure\nDistributed\nLearning","size":12.3329282793,"r":34,"g":93,"b":52,"a":64},{"x":10.6957740784,"y":-3.5434815884,"label":"Board Games And\nReal-time\nStrategy Game Ai","size":12.9893147703,"r":77,"g":85,"b":21,"a":64},{"x":7.9892463684,"y":2.813959837,"label":"Boosting\nAlgorithms And\nWeak Classifier\nTraining","size":13.1405386866,"r":158,"g":94,"b":90,"a":64},{"x":6.7000341415,"y":9.3852958679,"label":"Brain Networks\nAnd Machine\nLearning","size":12.3046940077,"r":76,"g":64,"b":128,"a":64},{"x":14.6485004425,"y":-0.9860284925,"label":"Byzantine-robust\nDistributed\nMachine Learning","size":12.374181623,"r":8,"g":41,"b":5,"a":64},{"x":8.011059761,"y":6.9497432709,"label":"Capsule Networks\nAnd 3d Point\nClouds","size":12.8411842805,"r":96,"g":96,"b":139,"a":64},{"x":10.2972841263,"y":-3.778185606,"label":"Carlo Tree\nSearch Mcts\nApplications","size":12.0705909189,"r":86,"g":79,"b":10,"a":64},{"x":3.7997179031,"y":2.3761019707,"label":"Causal Discovery\nAlgorithms And\nCausal Structure\nLearning","size":13.990729958,"r":100,"g":0,"b":33,"a":64},{"x":3.8230817318,"y":1.9381219149,"label":"Causal Inference\nAnd Treatment\nEffect\nEstimation From\nObservational\nData","size":14.154880572,"r":83,"g":0,"b":16,"a":64},{"x":4.0088372231,"y":1.7121561766,"label":"Causal Inference\nMachine Learning","size":12.1535130681,"r":105,"g":10,"b":31,"a":64},{"x":10.9267244339,"y":-4.6333065033,"label":"Challenges In\nReinforcement\nLearning","size":12.879599126,"r":40,"g":44,"b":0,"a":64},{"x":6.9541754723,"y":0.8766794205,"label":"Changepoint\nDetection","size":12.4657754945,"r":128,"g":76,"b":50,"a":64},{"x":6.3851799965,"y":10.8149862289,"label":"Chest X-ray\nInterpretation","size":12.4141990608,"r":56,"g":0,"b":160,"a":64},{"x":13.5798015594,"y":5.8037872314,"label":"Citations And\nRecommendations\nIn Scientific\nPublications","size":12.6547478762,"r":8,"g":89,"b":84,"a":64},{"x":15.1261720657,"y":4.8618879318,"label":"Click-through\nRate Prediction\nIn Advertising","size":13.35056369,"r":0,"g":63,"b":40,"a":64},{"x":7.8781714439,"y":10.0196342468,"label":"Clinical Notes\nNLP For\nDiagnoses 1","size":12.4657754945,"r":40,"g":44,"b":138,"a":64},{"x":4.2456183434,"y":5.4633750916,"label":"Clustering\nAlgorithms And\nTechniques 2","size":14.8020572226,"r":107,"g":40,"b":98,"a":64},{"x":12.7041187286,"y":4.2822265625,"label":"Code\nRepresentation\nAnd Modeling","size":13.4987065476,"r":25,"g":97,"b":83,"a":64},{"x":3.3503992558,"y":5.8945145607,"label":"Community\nDetection And\nGraph Clustering","size":14.4505405902,"r":99,"g":2,"b":92,"a":64},{"x":11.9032268524,"y":-4.2900381088,"label":"Complex Robot\nManipulation","size":13.6528199029,"r":12,"g":50,"b":3,"a":64},{"x":5.2863993645,"y":6.3436846733,"label":"Compressive\nSensing","size":12.4783701445,"r":96,"g":41,"b":114,"a":64},{"x":6.2261266708,"y":6.1896653175,"label":"Conditional\nDensity\nEstimation And\nModels","size":12.1852082817,"r":98,"g":47,"b":116,"a":64},{"x":7.7578477859,"y":2.4467511177,"label":"Conformal\nPrediction","size":12.3329282793,"r":152,"g":92,"b":75,"a":64},{"x":10.612490654,"y":5.5193619728,"label":"Continual\nLearning 1","size":14.2513176289,"r":67,"g":124,"b":135,"a":64},{"x":10.2475891113,"y":-4.9231081009,"label":"Continuous\nControl\nReinforcement\nLearning\nAlgorithms","size":13.6994019777,"r":50,"g":27,"b":0,"a":64},{"x":2.6832721233,"y":7.2789645195,"label":"Contrastive\nLearning For\nGraph\nRepresentation\nAnd\nClassification","size":12.6436520972,"r":59,"g":1,"b":90,"a":64},{"x":8.4555101395,"y":6.3945684433,"label":"Contrastive\nSelf-supervised\nLearning Methods","size":13.6528199029,"r":93,"g":98,"b":141,"a":64},{"x":13.495765686,"y":8.2373561859,"label":"Conversational\nAI And Dialogue\nModels","size":12.0876227504,"r":0,"g":44,"b":70,"a":64},{"x":8.3927507401,"y":11.2196912766,"label":"Covid-19\nDetection From\nBreath And Cough\nSound","size":12.5396702738,"r":71,"g":0,"b":160,"a":64},{"x":6.4952521324,"y":11.3375272751,"label":"Covid-19\nDetection From\nChest X-ray\nImages","size":14.0438651934,"r":65,"g":0,"b":161,"a":64},{"x":6.085170269,"y":-1.5629534721,"label":"Covid-19\nForecasting","size":14.2810303416,"r":83,"g":21,"b":0,"a":64},{"x":7.3032016754,"y":10.6498241425,"label":"Covid-19\nMortality\nPrediction","size":12.6211978473,"r":45,"g":9,"b":147,"a":64},{"x":14.450510025,"y":6.2731347084,"label":"Covid-19\nSentiment\nAnalysis And\nTopic Modeling\nIn Social Media","size":12.6324692907,"r":0,"g":64,"b":57,"a":64},{"x":11.1636333466,"y":1.281591773,"label":"Credit Card\nFraud Detection","size":12.9262789012,"r":67,"g":106,"b":63,"a":64},{"x":11.2084684372,"y":1.5760890245,"label":"Credit Risk\nPrediction","size":12.8314243117,"r":71,"g":114,"b":73,"a":64},{"x":6.4414148331,"y":-0.3732878566,"label":"Crop Yield\nPrediction","size":12.0,"r":116,"g":63,"b":26,"a":64},{"x":12.700044632,"y":7.89818573,"label":"Cross-lingual\nWord Embeddings\nAnd Alignments","size":12.374181623,"r":14,"g":64,"b":86,"a":64},{"x":10.3739156723,"y":8.1526374817,"label":"Cross-modal\nRetrieval And\nImage-text\nSynthesis","size":12.4783701445,"r":38,"g":85,"b":119,"a":64},{"x":11.7044963837,"y":3.1859769821,"label":"Crowdsourcing\nAnd Labeling For\nMachine Learning","size":13.8053916583,"r":53,"g":117,"b":96,"a":64},{"x":7.1933927536,"y":-1.2603236437,"label":"Cryptocurrency\nPrice Analysis","size":12.1373623896,"r":112,"g":62,"b":14,"a":64},{"x":1.3253964186,"y":4.3283648491,"label":"Crystalline\nMaterials","size":12.3329282793,"r":67,"g":2,"b":31,"a":64},{"x":11.7708520889,"y":0.7646589875,"label":"Cybersecurity\nPapers","size":12.2161334219,"r":58,"g":96,"b":55,"a":64},{"x":10.0620088577,"y":3.4211990833,"label":"DNN Accelerators\nWith In-memory\nComputing","size":12.879599126,"r":66,"g":130,"b":108,"a":64},{"x":5.0892510414,"y":5.8366150856,"label":"Data\nVisualization\nAnd\nDimensionality\nReduction","size":13.075122227,"r":106,"g":55,"b":109,"a":64},{"x":14.4186162949,"y":7.0260529518,"label":"Debiasing Word\nEmbeddings","size":12.2007643798,"r":0,"g":54,"b":62,"a":64},{"x":8.1954374313,"y":-3.4659063816,"label":"Decentralized\nMulti-agent\nStochastic\nBandits","size":12.6098361101,"r":88,"g":48,"b":6,"a":64},{"x":7.1073460579,"y":6.0819482803,"label":"Deep Clustering\nTechniques And\nApplications","size":13.2564096517,"r":115,"g":84,"b":129,"a":64},{"x":6.2454881668,"y":5.5510349274,"label":"Deep Hashing For\nImage Retrieval","size":12.035804666,"r":108,"g":73,"b":117,"a":64},{"x":3.7592689991,"y":0.6370495558,"label":"Deep Learning\nFor Partial\nDifferential\nEquations","size":12.1210014956,"r":98,"g":1,"b":10,"a":64},{"x":15.5123176575,"y":5.0555095673,"label":"Deep Learning\nFor\nRecommendation\nSystems","size":12.2161334219,"r":0,"g":44,"b":19,"a":64},{"x":11.2820701599,"y":4.3310489655,"label":"Deep Learning\nInterpretability","size":12.0705909189,"r":49,"g":117,"b":109,"a":64},{"x":9.8027238846,"y":2.7291109562,"label":"Deep Learning\nLibraries And\nCompilers","size":13.5243055527,"r":89,"g":128,"b":82,"a":64},{"x":9.9354848862,"y":3.1024141312,"label":"Deep Learning On\nMobile Devices","size":12.3468222329,"r":73,"g":132,"b":103,"a":64},{"x":6.6957774162,"y":5.6014437675,"label":"Deep Metric\nLearning","size":12.5276256893,"r":109,"g":75,"b":119,"a":64},{"x":6.9572014809,"y":-1.5902878046,"label":"Deep\nReinforcement\nLearning In\nFinance","size":12.7714756954,"r":102,"g":47,"b":2,"a":64},{"x":10.7975511551,"y":-4.0543618202,"label":"Deep\nReinforcement\nLearning\nResearch\nFrameworks","size":12.4657754945,"r":70,"g":74,"b":9,"a":64},{"x":14.1921806335,"y":2.9193687439,"label":"Deepfake\nDetection","size":12.6436520972,"r":4,"g":50,"b":17,"a":64},{"x":9.385887146,"y":10.3314647675,"label":"Depression\nDetection And\nMonitoring With\nMachine Learning","size":13.3293082017,"r":0,"g":28,"b":141,"a":64},{"x":4.9183044434,"y":3.2959582806,"label":"Determinantal\nPoint Processes","size":13.248938057,"r":117,"g":45,"b":70,"a":64},{"x":5.207449913,"y":5.1871666908,"label":"Dictionary\nLearning","size":13.7222424863,"r":116,"g":71,"b":109,"a":64},{"x":15.4746236801,"y":0.2856757939,"label":"Differential\nPrivacy For\nMachine Learning","size":14.7557773393,"r":7,"g":41,"b":4,"a":64},{"x":15.5527935028,"y":-0.1933698952,"label":"Differential\nPrivacy In\nBandit And Mdp\nProblems","size":12.1373623896,"r":8,"g":41,"b":5,"a":64},{"x":15.1479387283,"y":0.5406281352,"label":"Differentially\nPrivate\nStochastic\nGradient Descent\nFor Deep\nLearning","size":13.0834491508,"r":5,"g":54,"b":6,"a":64},{"x":6.1046071053,"y":7.2830739021,"label":"Diffusion Models","size":12.1535130681,"r":88,"g":18,"b":119,"a":64},{"x":5.3568162918,"y":4.8076882362,"label":"Discriminative\nAnalysis\nAlgorithms","size":12.2903461234,"r":121,"g":73,"b":110,"a":64},{"x":9.0363903046,"y":1.5975749493,"label":"Distributed Deep\nLearning\nOptimization And\nCommunication","size":12.3605722028,"r":142,"g":108,"b":56,"a":64},{"x":8.6717281342,"y":1.0630748272,"label":"Distributed\nOptimization","size":14.8917316524,"r":138,"g":96,"b":52,"a":64},{"x":11.635887146,"y":8.4079818726,"label":"Document Image\nProcessing","size":12.4009919228,"r":27,"g":84,"b":105,"a":64},{"x":9.0634946823,"y":6.2129349709,"label":"Domain\nAdaptation 1","size":12.3046940077,"r":84,"g":103,"b":140,"a":64},{"x":2.0202400684,"y":5.4072432518,"label":"Drug Interaction\nPrediction And\nRepositioning","size":12.4141990608,"r":74,"g":1,"b":63,"a":64},{"x":5.0548129082,"y":1.3688040972,"label":"Dynamical\nSystems And\nGaussian\nProcesses","size":12.4530636818,"r":121,"g":52,"b":49,"a":64},{"x":11.4163036346,"y":-4.086066246,"label":"Dynamics\nLearning For\nRobot AI Agents","size":12.7089746061,"r":47,"g":68,"b":5,"a":64},{"x":6.333946228,"y":6.5637054443,"label":"EBMS","size":12.3188867738,"r":94,"g":41,"b":117,"a":64},{"x":7.9548687935,"y":11.0188694,"label":"Ecg Arrhythmia\nDetection","size":13.7391830581,"r":39,"g":0,"b":166,"a":64},{"x":9.9887714386,"y":2.8707230091,"label":"Edge DNN\nInference","size":12.2463307796,"r":80,"g":130,"b":93,"a":64},{"x":9.2992982864,"y":10.8736534119,"label":"Eeg-based Bcis\nFor Motor\nImagery\nClassification","size":13.2338911206,"r":10,"g":0,"b":163,"a":64},{"x":13.4821977615,"y":-0.7398334146,"label":"Efficient\nFederated\nLearning In\nWireless Edge\nNetworks","size":12.2903461234,"r":0,"g":76,"b":11,"a":64},{"x":11.7989559174,"y":-3.5961182117,"label":"Embodied Agents","size":12.3046940077,"r":38,"g":79,"b":6,"a":64},{"x":11.3003005981,"y":7.3690977097,"label":"Emergent\nCommunication","size":12.5032178304,"r":45,"g":101,"b":115,"a":64},{"x":8.3227005005,"y":2.9519948959,"label":"Ensemble\nSelection And\nPerformance","size":13.8376090182,"r":161,"g":97,"b":91,"a":64},{"x":12.7150211334,"y":5.6394457817,"label":"Entity Alignment","size":12.4009919228,"r":28,"g":99,"b":97,"a":64},{"x":9.8762102127,"y":-0.9899737835,"label":"Ev And Ride-\nsharing\nOptimization","size":12.4908501207,"r":117,"g":113,"b":53,"a":64},{"x":10.7267665863,"y":-5.1267113686,"label":"Evolution In\nReinforcement\nLearning","size":12.1694597275,"r":43,"g":32,"b":0,"a":64},{"x":11.2950286865,"y":3.8000383377,"label":"Explainable AI\nAnd Machine\nLearning\nExplanation\nMethods 1","size":12.035804666,"r":54,"g":121,"b":104,"a":64},{"x":11.3714904785,"y":4.4025111198,"label":"Explainable\nArtificial\nIntelligence Xai","size":12.7301076358,"r":42,"g":112,"b":104,"a":64},{"x":11.37981987,"y":4.1907219887,"label":"Explainable\nMachine Learning","size":12.4783701445,"r":48,"g":117,"b":106,"a":64},{"x":11.7307014465,"y":4.6784424782,"label":"Explainable NLP","size":12.4141990608,"r":35,"g":106,"b":100,"a":64},{"x":14.9997663498,"y":4.5928974152,"label":"Explainable\nRecommender\nSystems","size":12.035804666,"r":0,"g":72,"b":49,"a":64},{"x":12.0230121613,"y":4.9396533966,"label":"Explanation\nMethods For\nGraph Neural\nNetworks","size":12.2758391066,"r":35,"g":105,"b":100,"a":64},{"x":8.6144323349,"y":3.581949234,"label":"Extreme Multi-\nlabel\nClassification","size":12.6324692907,"r":153,"g":101,"b":138,"a":64},{"x":8.2855710983,"y":2.1892192364,"label":"Extreme learning\nmachine","size":12.1852082817,"r":150,"g":98,"b":64,"a":64},{"x":9.8245010376,"y":9.8382730484,"label":"Eye Tracking And\nGaze Estimation","size":12.2463307796,"r":0,"g":60,"b":124,"a":64},{"x":9.9282836914,"y":3.6986734867,"label":"FPGA-based\nBinarized Neural\nNetworks\nAcceleration","size":12.053320865,"r":64,"g":131,"b":123,"a":64},{"x":9.9164733887,"y":3.3059568405,"label":"FPGA-based DNN\nAccelerators For\nEdge Devices","size":12.2903461234,"r":68,"g":132,"b":108,"a":64},{"x":10.2526311874,"y":10.0899171829,"label":"Facial\nExpression\nRecognition","size":13.2786213258,"r":0,"g":57,"b":124,"a":64},{"x":8.3786993027,"y":8.327958107,"label":"Facial Landmarks\nAnd Pose\nEstimation","size":13.3005357259,"r":54,"g":68,"b":129,"a":64},{"x":13.331911087,"y":1.2832026482,"label":"Fair\nClassification\nAnd Fair Machine\nLearning","size":12.0705909189,"r":33,"g":96,"b":62,"a":64},{"x":3.616019249,"y":5.2960505486,"label":"Fair Clustering","size":12.1852082817,"r":99,"g":0,"b":86,"a":64},{"x":13.4083871841,"y":1.2727048397,"label":"Fair Machine\nLearning 2","size":12.4657754945,"r":22,"g":92,"b":55,"a":64},{"x":13.5937538147,"y":1.4533451796,"label":"Fair Machine\nLearning\nTechniques","size":12.5751918173,"r":21,"g":83,"b":47,"a":64},{"x":13.1889286041,"y":1.2926598787,"label":"Fair Machine\nLearning:\nDistinguishing\nCriteria And\nMethods","size":12.2007643798,"r":45,"g":99,"b":67,"a":64},{"x":14.9643669128,"y":6.4729671478,"label":"Fake News\nDetection And\nVerification On\nSocial Media","size":13.9157536489,"r":0,"g":52,"b":43,"a":64},{"x":14.9295482635,"y":5.3078613281,"label":"Fashion Outfit","size":12.5751918173,"r":0,"g":71,"b":53,"a":64},{"x":5.4368062019,"y":4.3341507912,"label":"Feature\nSelection","size":13.6587102237,"r":125,"g":73,"b":106,"a":64},{"x":13.7836332321,"y":-0.8468825817,"label":"Federated\nLearning\nAlgorithms","size":12.3876538008,"r":2,"g":58,"b":1,"a":64},{"x":14.5129652023,"y":0.1953562498,"label":"Federated\nLearning And\nRecommendation","size":12.053320865,"r":9,"g":78,"b":29,"a":64},{"x":14.6310167313,"y":-0.4738937914,"label":"Federated\nLearning Attacks\nAnd Defenses 1","size":12.5396702738,"r":4,"g":48,"b":2,"a":64},{"x":14.1486549377,"y":-0.0616339855,"label":"Federated\nLearning For\nPrivacy And\nHeterogeneity","size":12.8314243117,"r":13,"g":87,"b":40,"a":64},{"x":14.1122932434,"y":-0.5771126747,"label":"Federated\nLearning\nTechniques And\nEnhancements","size":12.5154756021,"r":2,"g":58,"b":1,"a":64},{"x":13.7008180618,"y":-0.6882141232,"label":"Federated\nLearning\nTechniques For\nEfficiency And\nPrivacy","size":12.9893147703,"r":0,"g":74,"b":9,"a":64},{"x":9.9882173538,"y":6.3565163612,"label":"Few-shot\nLearning","size":13.4127499134,"r":70,"g":106,"b":134,"a":64},{"x":13.3427019119,"y":-0.7912420034,"label":"Fl wireless","size":12.2758391066,"r":0,"g":75,"b":7,"a":64},{"x":3.8106017113,"y":-0.0518502444,"label":"Fluid Mechanics\nAnd\nComputational\nFluid Dynamics 1","size":13.7335540113,"r":76,"g":0,"b":0,"a":64},{"x":6.3413863182,"y":-0.711894393,"label":"Forecasting\nSales","size":12.2903461234,"r":111,"g":55,"b":9,"a":64},{"x":6.3612360954,"y":7.2116618156,"label":"GANs:\nOptimization\nTechniques And\nTraining","size":12.0,"r":90,"g":39,"b":120,"a":64},{"x":3.1936221123,"y":7.7878241539,"label":"GNN Training\nOptimization","size":12.6211978473,"r":64,"g":0,"b":109,"a":64},{"x":9.0328760147,"y":9.9986286163,"label":"Gait Analysis\nAnd Rehab With\nWearables","size":12.3329282793,"r":0,"g":41,"b":139,"a":64},{"x":8.9323101044,"y":-3.0120990276,"label":"Game Theory And\nLearning\nDynamics In Two-\nplayer Zero-sum\nGames","size":12.2161334219,"r":106,"g":74,"b":19,"a":64},{"x":5.4783802032,"y":1.6995126009,"label":"Gaussian\nProcesses 1","size":14.7220939726,"r":125,"g":67,"b":64,"a":64},{"x":2.5741963387,"y":5.1495060921,"label":"Gene Expression\nAnd Protein\nFunction\nPrediction In\nBioinformatics","size":13.7391830581,"r":81,"g":0,"b":66,"a":64},{"x":7.2443938255,"y":4.2029333115,"label":"Generalization\nAnd Training Of\nOverparameterized\nDeep Learning 1","size":12.3876538008,"r":141,"g":92,"b":130,"a":64},{"x":6.8174157143,"y":7.3656244278,"label":"Generative\nAdversarial\nNetworks (gans 1","size":13.4127499134,"r":97,"g":73,"b":121,"a":64},{"x":6.541867733,"y":7.3072524071,"label":"Generative\nAdversarial\nNetworks 1","size":12.8017538377,"r":93,"g":57,"b":121,"a":64},{"x":1.3139269352,"y":5.2602734566,"label":"Generative\nModels For\nMolecular Design","size":13.1163235013,"r":60,"g":10,"b":44,"a":64},{"x":10.9398050308,"y":0.70084548,"label":"Graph Anomaly\nDetection With\nMachine Learning","size":12.0876227504,"r":37,"g":87,"b":32,"a":64},{"x":2.78647995,"y":6.7603502274,"label":"Graph\nAutoencoder\nNetwork\nEmbedding","size":12.2758391066,"r":70,"g":0,"b":82,"a":64},{"x":3.6503715515,"y":6.7052512169,"label":"Graph Kernels\nAnd\nClassification","size":12.1535130681,"r":90,"g":0,"b":104,"a":64},{"x":15.0985298157,"y":1.8275419474,"label":"Graph Neural\nNetwork\nAdversarial\nAttacks And\nDefenses","size":12.6324692907,"r":9,"g":50,"b":12,"a":64},{"x":3.0808095932,"y":7.3635196686,"label":"Graph Neural\nNetworks 1","size":13.7391830581,"r":68,"g":0,"b":97,"a":64},{"x":3.0967478752,"y":7.1959295273,"label":"Graph Neural\nNetworks For\nLearning On\nGraph Data","size":12.7612428493,"r":73,"g":0,"b":97,"a":64},{"x":3.7071492672,"y":6.3802103996,"label":"Graph Signal\nProcessing And\nLearning On\nGraphs 1","size":12.8411842805,"r":95,"g":0,"b":101,"a":64},{"x":4.32924366,"y":3.6168613434,"label":"Graphical Models\nAnd Sparse\nCovariance\nEstimation","size":12.0705909189,"r":118,"g":50,"b":76,"a":64},{"x":1.320661068,"y":0.6835358143,"label":"Gravitational\nWave Detection","size":12.035804666,"r":65,"g":11,"b":5,"a":64},{"x":7.4803209305,"y":5.6739201546,"label":"Group\nEquivariant\nNetworks","size":12.2903461234,"r":122,"g":92,"b":138,"a":64},{"x":7.5925102234,"y":5.863576889,"label":"Group\nEquivariant\nNeural Networks","size":12.018033977,"r":118,"g":93,"b":140,"a":64},{"x":5.2192363739,"y":-1.6407078505,"label":"HVAC Control","size":12.4272781773,"r":69,"g":3,"b":1,"a":64},{"x":4.1866459846,"y":0.6526831985,"label":"Hamiltonian\nDynamics With\nNeural Odes","size":12.2611687771,"r":107,"g":24,"b":17,"a":64},{"x":11.4060602188,"y":8.6860265732,"label":"Handwriting\nRecognition 1","size":13.322161973,"r":25,"g":82,"b":105,"a":64},{"x":6.1319947243,"y":5.3864655495,"label":"Hashing Methods\nFor Nearest\nNeighbor Search","size":12.8605148343,"r":114,"g":76,"b":119,"a":64},{"x":14.8170394897,"y":6.945734024,"label":"Hate Speech\nDetection","size":13.4792528508,"r":0,"g":46,"b":47,"a":64},{"x":4.8510546684,"y":2.0469532013,"label":"Hidden Markov\nModels","size":12.053320865,"r":113,"g":32,"b":44,"a":64},{"x":10.7996892929,"y":-4.5005016327,"label":"Hierarchical RL\nIn Atari Games\nAnd Robotics","size":12.5276256893,"r":52,"g":54,"b":2,"a":64},{"x":2.1703066826,"y":1.3190761805,"label":"High Energy\nPhysics","size":13.5115538103,"r":70,"g":0,"b":6,"a":64},{"x":5.6864995956,"y":10.7011117935,"label":"Histopathological\nImage Analysis\nAnd Cancer\nDetection","size":12.8890511859,"r":65,"g":0,"b":156,"a":64},{"x":9.6263160706,"y":8.2634038925,"label":"Human Action\nRecognition In\nVideos","size":13.1163235013,"r":5,"g":73,"b":123,"a":64},{"x":9.1338787079,"y":9.6785173416,"label":"Human Activity\nRecognition With\nSensors","size":13.7051396264,"r":0,"g":53,"b":134,"a":64},{"x":10.7829809189,"y":-0.7835850716,"label":"Human Mobility\nAnalysis","size":12.3605722028,"r":77,"g":107,"b":59,"a":64},{"x":9.0174808502,"y":8.4467868805,"label":"Human Pose\nEstimation","size":12.6324692907,"r":31,"g":65,"b":130,"a":64},{"x":4.3675045967,"y":6.7268772125,"label":"Hyperbolic Space\nAnd Graph\nEmbedding","size":12.4272781773,"r":94,"g":26,"b":112,"a":64},{"x":7.563849926,"y":1.9611474276,"label":"Hyperparameter\nOptimization","size":14.1993091212,"r":146,"g":89,"b":67,"a":64},{"x":7.5330014229,"y":10.2988891602,"label":"Icu Mortality\nPrediction And\nHealthcare\nModelling","size":13.075122227,"r":42,"g":33,"b":141,"a":64},{"x":10.7048492432,"y":8.1942014694,"label":"Image Captioning","size":12.9893147703,"r":37,"g":89,"b":116,"a":64},{"x":7.2468838692,"y":7.0384645462,"label":"Image\nCompression And\nVideo Coding","size":13.6645809426,"r":105,"g":85,"b":131,"a":64},{"x":5.9251441956,"y":8.0959424973,"label":"Image Denoising\nAnd Restoration","size":12.8984443537,"r":87,"g":30,"b":122,"a":64},{"x":5.8924860954,"y":9.6186275482,"label":"Image\nRegistration And\nAnalysis\nTechniques","size":12.8508808034,"r":76,"g":23,"b":131,"a":64},{"x":7.4960079193,"y":7.9631724358,"label":"Image Styles","size":13.7725914105,"r":81,"g":76,"b":126,"a":64},{"x":8.910984993,"y":3.0639622211,"label":"Imbalanced\nClassification\nAnd Neural\nArchitecture\nOptimization","size":12.1044238887,"r":159,"g":103,"b":74,"a":64},{"x":8.7265367508,"y":2.8508193493,"label":"Imbalanced Data\nClassification\nTechniques","size":12.6211978473,"r":158,"g":102,"b":72,"a":64},{"x":11.5073108673,"y":-4.9745163918,"label":"Imitation\nLearning And\nRelated\nTechniques 1","size":13.35056369,"r":21,"g":39,"b":0,"a":64},{"x":6.8453483582,"y":8.5811605453,"label":"Imputation\nMethods","size":12.9170573906,"r":85,"g":67,"b":125,"a":64},{"x":10.4825220108,"y":5.6253361702,"label":"Incremental\nLearning","size":12.0705909189,"r":64,"g":120,"b":133,"a":64},{"x":9.9001121521,"y":-1.3123162985,"label":"Indoor\nLocalization\nUsing Machine\nLearning","size":12.7509380244,"r":112,"g":106,"b":48,"a":64},{"x":4.6686677933,"y":2.9829335213,"label":"Inference\nMethods For\nUndirected\nGraphical Models","size":12.1694597275,"r":114,"g":33,"b":57,"a":64},{"x":6.6767096519,"y":4.8663029671,"label":"Information\nBottleneck And\nRelated Topics","size":12.5032178304,"r":122,"g":81,"b":123,"a":64},{"x":14.5148143768,"y":5.4743790627,"label":"Information\nDiffusion","size":12.1852082817,"r":0,"g":78,"b":65,"a":64},{"x":5.4089288712,"y":8.5579843521,"label":"Inverse Problems\nIn Image\nReconstruction","size":12.6211978473,"r":84,"g":3,"b":123,"a":64},{"x":11.3544855118,"y":-5.1346516609,"label":"Inverse\nReinforcement\nLearning","size":12.6098361101,"r":24,"g":39,"b":0,"a":64},{"x":5.4054474831,"y":8.9266519547,"label":"Iterative Ct\nReconstruction\nAnd Image\nQuality\nImprovement","size":12.3468222329,"r":83,"g":3,"b":125,"a":64},{"x":14.037774086,"y":5.2623171806,"label":"Job\nRecommendation\nAnd Occupational\nData Mining","size":12.035804666,"r":8,"g":88,"b":76,"a":64},{"x":5.972205162,"y":4.3099279404,"label":"Kernel\nApproximation","size":12.5983823731,"r":132,"g":82,"b":117,"a":64},{"x":5.8869476318,"y":4.102332592,"label":"Kernel Methods\nFor Regression","size":13.0498727542,"r":133,"g":78,"b":106,"a":64},{"x":12.9038085938,"y":10.2545347214,"label":"Keyword Spotting","size":12.8117101037,"r":17,"g":58,"b":87,"a":64},{"x":9.7939805984,"y":5.0591030121,"label":"Knowledge\nDistillation","size":13.5682077265,"r":75,"g":122,"b":143,"a":64},{"x":12.4584274292,"y":5.9048452377,"label":"Knowledge Graph\nEmbedding\nTechniques","size":13.9858241838,"r":43,"g":110,"b":111,"a":64},{"x":12.7049064636,"y":6.5339641571,"label":"Knowledge Graphs\nIn Question\nAnswering","size":12.3605722028,"r":34,"g":102,"b":104,"a":64},{"x":13.4904117584,"y":5.1051864624,"label":"Knowledge\nTracing","size":12.2611687771,"r":18,"g":94,"b":85,"a":64},{"x":4.645219326,"y":0.50192523,"label":"Koopman Operator\nAnd Nonlinear\nDynamics","size":12.4009919228,"r":113,"g":40,"b":23,"a":64},{"x":7.3646845818,"y":6.6795816422,"label":"Learning\nDisentangled\nRepresentations","size":13.5243055527,"r":111,"g":91,"b":137,"a":64},{"x":8.6885652542,"y":4.4670629501,"label":"Learning From\nNoisy Labels In\nDeep Learning","size":13.0999719393,"r":125,"g":110,"b":158,"a":64},{"x":8.7812747955,"y":-3.2303237915,"label":"Learning In\nGames","size":12.3046940077,"r":100,"g":65,"b":9,"a":64},{"x":4.318374157,"y":3.2083435059,"label":"Learning\nStructured\nProbabilistic\nModels","size":12.374181623,"r":108,"g":18,"b":55,"a":64},{"x":14.5145530701,"y":4.4127855301,"label":"Learning To Rank","size":12.1373623896,"r":10,"g":82,"b":59,"a":64},{"x":8.6034011841,"y":7.5021567345,"label":"Lidar-based\nVisual\nLocalization And\nMapping","size":12.5032178304,"r":74,"g":87,"b":126,"a":64},{"x":7.7322335243,"y":-3.8978242874,"label":"Linear And\nRestless\nContextual\nBandits With\nPure Exploration\nAnd Thompson","size":12.035804666,"r":60,"g":17,"b":3,"a":64},{"x":11.2725849152,"y":4.0108757019,"label":"Local\nExplanation\nMethods For\nMachine Learning","size":12.1044238887,"r":54,"g":122,"b":110,"a":64},{"x":8.2508335114,"y":4.4058923721,"label":"Loss Functions\nAnd Overfitting\nIn Deep Learning","size":12.3605722028,"r":134,"g":101,"b":147,"a":64},{"x":7.3795833588,"y":4.1419272423,"label":"Loss Landscapes","size":13.2033715856,"r":144,"g":95,"b":133,"a":64},{"x":9.0057296753,"y":4.3011527061,"label":"Lottery Ticket\nHypothesis","size":12.2161334219,"r":108,"g":117,"b":159,"a":64},{"x":4.254450798,"y":4.2003951073,"label":"Low Rank Matrix\nCompletion","size":13.0498727542,"r":116,"g":47,"b":82,"a":64},{"x":10.1171483994,"y":3.861218214,"label":"Low-precision\nDeep Learning\nTraining","size":12.018033977,"r":60,"g":128,"b":120,"a":64},{"x":5.9926638603,"y":10.9231243134,"label":"Lung Nodule\nDetection","size":12.018033977,"r":63,"g":0,"b":161,"a":64},{"x":14.6251497269,"y":1.1155772209,"label":"ML Privacy\nAttacks And\nDefenses","size":13.3077760542,"r":18,"g":76,"b":39,"a":64},{"x":5.4128603935,"y":3.6267998219,"label":"Machine Learning\n1","size":12.2463307796,"r":131,"g":73,"b":94,"a":64},{"x":4.412194252,"y":4.1896762848,"label":"Machine Learning\nAlgorithms And\nAnalysis","size":12.3188867738,"r":116,"g":51,"b":85,"a":64},{"x":8.4793167114,"y":-0.2812082171,"label":"Machine Learning\nAlgorithms For\nCombinatorial\nOptimization\nProblems","size":12.9445558754,"r":127,"g":90,"b":43,"a":64},{"x":14.0125322342,"y":4.6951699257,"label":"Machine Learning\nAnd\nCybersecurity","size":12.4272781773,"r":11,"g":88,"b":73,"a":64},{"x":13.6429281235,"y":5.0375638008,"label":"Machine Learning\nAnd Student\nPerformance In\nMoocs","size":12.5032178304,"r":17,"g":93,"b":81,"a":64},{"x":4.3197669983,"y":-0.669524312,"label":"Machine Learning\nApplications In\nStructural\nHealth\nMonitoring,\nReservoir\nCharacter","size":12.6657581918,"r":81,"g":0,"b":0,"a":64},{"x":6.9135246277,"y":5.5627169609,"label":"Machine Learning\nBoltzmann\nMachines","size":12.6982913533,"r":109,"g":76,"b":121,"a":64},{"x":6.2484478951,"y":3.5019001961,"label":"Machine Learning\nBounds And Lower\nBounds 1","size":14.1047974004,"r":140,"g":81,"b":102,"a":64},{"x":8.7317705154,"y":-1.3843063116,"label":"Machine Learning\nFor Channel\nCodes And\nDecoders","size":12.9354448041,"r":121,"g":89,"b":39,"a":64},{"x":8.2129001617,"y":1.6797850132,"label":"Machine Learning\nFor Csps And Sat","size":12.2758391066,"r":147,"g":98,"b":60,"a":64},{"x":6.8795800209,"y":9.7409362793,"label":"Machine Learning\nFor Dementia\nPrediction And\nProgression","size":12.6657581918,"r":69,"g":60,"b":130,"a":64},{"x":9.4540023804,"y":0.1816223115,"label":"Machine Learning\nFor Fault\nDiagnosis And\nPredictive\nMaintenance","size":13.7945242186,"r":131,"g":112,"b":53,"a":64},{"x":4.8181123734,"y":-1.8778965473,"label":"Machine Learning\nFor Power\nSystems And\nOptimal Power\nFlow","size":12.9981122402,"r":65,"g":11,"b":5,"a":64},{"x":11.6494760513,"y":5.7947087288,"label":"Machine Learning\nFor Reasoning\nWith Symbolic\nLogic","size":12.1044238887,"r":56,"g":118,"b":124,"a":64},{"x":15.5762825012,"y":4.545920372,"label":"Machine Learning\nFor\nRecommendation\nSystems","size":12.9077794786,"r":0,"g":43,"b":12,"a":64},{"x":12.445435524,"y":3.8538341522,"label":"Machine Learning\nFor Software\nDefect\nPrediction","size":12.0,"r":35,"g":103,"b":84,"a":64},{"x":9.9086675644,"y":-3.8280773163,"label":"Machine Learning\nFor Stable\nControl Of\nNonlinear\nSystems","size":12.4272781773,"r":93,"g":75,"b":12,"a":64},{"x":7.0471172333,"y":10.1403274536,"label":"Machine Learning\nFor Survival\nAnalysis And\nPrediction\nModels","size":12.5396702738,"r":57,"g":49,"b":135,"a":64},{"x":8.7601795197,"y":-0.5861036777,"label":"Machine Learning\nFor Vehicle\nRouting And\nScheduling","size":12.2007643798,"r":127,"g":94,"b":44,"a":64},{"x":1.6840677261,"y":0.7767956853,"label":"Machine Learning\nIn Astronomical\nData Analysis","size":12.0876227504,"r":66,"g":8,"b":3,"a":64},{"x":1.6762427092,"y":0.8630203009,"label":"Machine Learning\nIn Astronomy 1","size":12.8411842805,"r":67,"g":7,"b":3,"a":64},{"x":1.3354874849,"y":4.4978065491,"label":"Machine Learning\nIn Chemistry 1","size":12.3605722028,"r":67,"g":2,"b":35,"a":64},{"x":9.795800209,"y":1.6499407291,"label":"Machine Learning\nIn Distributed\nSystems","size":13.0328101481,"r":100,"g":126,"b":73,"a":64},{"x":1.7641432285,"y":5.1387758255,"label":"Machine Learning\nIn Drug\nDiscovery","size":12.5751918173,"r":71,"g":2,"b":48,"a":64},{"x":10.2555732727,"y":2.1493172646,"label":"Machine Learning\nIn Electronic\nDesign\nAutomation","size":12.8605148343,"r":80,"g":118,"b":73,"a":64},{"x":9.7979154587,"y":10.4513959885,"label":"Machine Learning\nIn Emotion\nRecognition","size":12.4402321311,"r":0,"g":29,"b":138,"a":64},{"x":3.1531457901,"y":4.9439020157,"label":"Machine Learning\nIn Genomics","size":12.7612428493,"r":89,"g":0,"b":70,"a":64},{"x":5.2382855415,"y":9.6965389252,"label":"Machine Learning\nIn Imaging","size":12.563451322,"r":76,"g":0,"b":129,"a":64},{"x":9.8279666901,"y":-1.501957655,"label":"Machine Learning\nIn Networking","size":12.018033977,"r":113,"g":103,"b":45,"a":64},{"x":10.6432666779,"y":1.4607417583,"label":"Machine Learning\nIn Process\nMining","size":12.7301076358,"r":72,"g":109,"b":65,"a":64},{"x":6.8638629913,"y":-0.1196892336,"label":"Machine Learning\nIn Satellite\nImagery","size":15.1124360633,"r":123,"g":78,"b":42,"a":64},{"x":6.6808953285,"y":-1.1019091606,"label":"Machine Learning\nIn Stock Price\nPrediction","size":13.5620038484,"r":100,"g":43,"b":2,"a":64},{"x":6.9942407608,"y":0.1816157848,"label":"Machine Learning\nIn Underwater\nEnvironments","size":12.5396702738,"r":132,"g":84,"b":49,"a":64},{"x":11.4682302475,"y":-3.6454117298,"label":"Machine Learning\nIn Visual\nNavigation","size":12.5983823731,"r":53,"g":81,"b":8,"a":64},{"x":9.4573554993,"y":-1.7731400728,"label":"Machine Learning\nIn Wireless\nNetworks 1","size":12.1210014956,"r":118,"g":95,"b":40,"a":64},{"x":6.6981935501,"y":2.6537408829,"label":"Machine Learning\nMethods For\nOptimization","size":12.374181623,"r":143,"g":81,"b":87,"a":64},{"x":4.9796218872,"y":1.1159521341,"label":"Machine Learning\nOn Dynamical\nSystems","size":12.3188867738,"r":118,"g":49,"b":40,"a":64},{"x":6.395318985,"y":2.6231267452,"label":"Machine Learning\nOptimization\nAlgorithms 1","size":12.0705909189,"r":132,"g":72,"b":79,"a":64},{"x":10.084394455,"y":2.3575494289,"label":"Machine Learning\nOptimizations\nAnd Compilers","size":12.3046940077,"r":83,"g":122,"b":77,"a":64},{"x":9.504778862,"y":2.5103020668,"label":"Machine Learning\nParallelization\nAnd Scheduling\nTechniques","size":12.9262789012,"r":102,"g":129,"b":77,"a":64},{"x":11.6717863083,"y":2.0616998672,"label":"Machine Learning\nSafety And\nAssurance For\nAutonomous\nSystems","size":12.2313205735,"r":64,"g":117,"b":83,"a":64},{"x":12.2693099976,"y":-2.6075530052,"label":"Machine Learning\nSports Analytics\n1","size":12.8314243117,"r":0,"g":68,"b":0,"a":64},{"x":10.9718227386,"y":2.7303380966,"label":"Machine Learning\nSystems\nDevelopment And\nChallenges","size":14.2725866868,"r":67,"g":126,"b":98,"a":64},{"x":5.0199589729,"y":3.9381563663,"label":"Machine Learning\nTechniques 2","size":12.8508808034,"r":123,"g":67,"b":92,"a":64},{"x":6.3572220802,"y":3.2124204636,"label":"Machine Learning\nTechniques And\nTopics 1","size":12.8215999198,"r":137,"g":77,"b":91,"a":64},{"x":9.0687131882,"y":-1.5515869856,"label":"Machine Learning\nTechniques For\nWireless\nCommunications\nSystems","size":13.9410828711,"r":121,"g":92,"b":40,"a":64},{"x":11.8127470016,"y":2.4131586552,"label":"Machine Learning\nTesting","size":12.1210014956,"r":59,"g":119,"b":91,"a":64},{"x":5.605055809,"y":1.0456590652,"label":"Machine Learning\nTopics 2","size":12.1694597275,"r":123,"g":68,"b":53,"a":64},{"x":5.9490675926,"y":3.4171173573,"label":"Machine Learning\nTopics 3","size":12.4009919228,"r":138,"g":79,"b":99,"a":64},{"x":15.4051961899,"y":4.5072650909,"label":"Machine Learning\nTopics In\nRecommendation\nSystems","size":13.4195191905,"r":0,"g":51,"b":21,"a":64},{"x":10.7176322937,"y":7.9164204597,"label":"Machine Learning\nTopics In Vision\nAnd Language","size":12.9536128745,"r":48,"g":94,"b":115,"a":64},{"x":14.2647771835,"y":2.1820914745,"label":"Machine Learning\nWatermarking","size":12.3876538008,"r":10,"g":51,"b":15,"a":64},{"x":9.6762571335,"y":2.213051796,"label":"Machine Learning\nWorkload\nManagement","size":12.1694597275,"r":95,"g":128,"b":79,"a":64},{"x":13.1832208633,"y":7.1109127998,"label":"Machine Reading\nComprehension","size":12.2463307796,"r":0,"g":76,"b":85,"a":64},{"x":12.2189121246,"y":0.7046564817,"label":"Malware\nDetection And\nClassification\nVia Machine\nLearning","size":13.7780996461,"r":41,"g":93,"b":49,"a":64},{"x":5.931997776,"y":10.77247715,"label":"Mammogram And\nBreast Cancer\nAnalysis","size":12.2007643798,"r":64,"g":0,"b":158,"a":64},{"x":5.1814045906,"y":5.5522069931,"label":"Manifold\nLearning","size":13.2263150262,"r":109,"g":61,"b":107,"a":64},{"x":9.4206628799,"y":0.4347018898,"label":"Manufacturing\nDefect Detection\nUsing Machine\nLearning","size":12.2463307796,"r":132,"g":113,"b":55,"a":64},{"x":9.4949560165,"y":-4.6339221001,"label":"Markov Decision\nProcesses With\nRisk Measures","size":12.4272781773,"r":70,"g":38,"b":1,"a":64},{"x":4.0890936852,"y":4.1801300049,"label":"Matrix\nCompletion\nAlgorithms","size":12.4009919228,"r":114,"g":42,"b":79,"a":64},{"x":9.2535505295,"y":-3.1248846054,"label":"Mean Field Games","size":12.2758391066,"r":106,"g":78,"b":24,"a":64},{"x":6.1315069199,"y":10.6839866638,"label":"Medical Image\nAnalysis 2","size":12.4783701445,"r":59,"g":0,"b":156,"a":64},{"x":5.7669129372,"y":10.281460762,"label":"Medical Image\nSegmentation\nWith Deep\nLearning","size":15.0432354203,"r":68,"g":0,"b":138,"a":64},{"x":10.8712215424,"y":-4.9036641121,"label":"Meta\nReinforcement\nLearning","size":12.5983823731,"r":37,"g":34,"b":0,"a":64},{"x":10.0369119644,"y":5.9528465271,"label":"Meta-learning\nAlgorithms","size":12.586834879,"r":70,"g":114,"b":137,"a":64},{"x":10.0377759933,"y":6.0537524223,"label":"Meta-learning\nAnd Few-shot\nLearning","size":12.3046940077,"r":69,"g":111,"b":135,"a":64},{"x":4.9106321335,"y":9.0026798248,"label":"Microscopy And\nHolography With\nDeep Learning","size":12.9077794786,"r":74,"g":0,"b":119,"a":64},{"x":5.2641096115,"y":10.2087011337,"label":"Microscopy Image\nSegmentation","size":12.4783701445,"r":69,"g":0,"b":135,"a":64},{"x":3.3460199833,"y":-0.1112165824,"label":"Microstructures\nAnd Materials In\nPhysics Informed\nLearning","size":12.7917300706,"r":69,"g":3,"b":1,"a":64},{"x":4.948299408,"y":4.3979721069,"label":"Mixture Models","size":12.5396702738,"r":116,"g":58,"b":92,"a":64},{"x":1.6256623268,"y":5.2097220421,"label":"Molecular\nRepresentation\nLearning","size":12.879599126,"r":66,"g":2,"b":48,"a":64},{"x":8.7229738235,"y":7.8901238441,"label":"Monocular Depth\nEstimation And\nRelated Tasks\nFor Autonom","size":13.485762078,"r":59,"g":77,"b":126,"a":64},{"x":5.2825317383,"y":2.5937161446,"label":"Monte Carlo And\nVariational\nSampling Methods","size":13.5051422233,"r":121,"g":53,"b":65,"a":64},{"x":5.6866998672,"y":9.4115447998,"label":"Mri\nReconstruction\nAnd Analysis 1","size":12.7816377247,"r":79,"g":13,"b":129,"a":64},{"x":5.4994254112,"y":8.9895648956,"label":"Mri\nReconstruction\nUsing Deep\nLearning","size":12.7816377247,"r":83,"g":20,"b":125,"a":64},{"x":10.3974342346,"y":-3.1682589054,"label":"Multi-agent Deep\nReinforcement\nLearning For\nAutonomous\nFlight Control","size":13.2187033352,"r":89,"g":91,"b":35,"a":64},{"x":9.7914609909,"y":-3.2783658504,"label":"Multi-agent\nReinforcement\nLearning -\nDecentralized\nFully Co","size":12.5154756021,"r":101,"g":84,"b":29,"a":64},{"x":8.0707359314,"y":-3.7824542522,"label":"Multi-armed\nBandit\nRecommendation\nSystems","size":12.9981122402,"r":80,"g":37,"b":4,"a":64},{"x":7.6039624214,"y":-3.7754309177,"label":"Multi-armed\nBandits 1","size":12.9077794786,"r":69,"g":19,"b":1,"a":64},{"x":8.5532808304,"y":3.824341774,"label":"Multi-label\nLearning","size":12.7089746061,"r":143,"g":104,"b":149,"a":64},{"x":8.5287284851,"y":4.1688389778,"label":"Multi-label\nLearning And\nStructured\nPrediction","size":12.4272781773,"r":138,"g":105,"b":151,"a":64},{"x":9.4554548264,"y":5.511803627,"label":"Multi-task\nLearning (mtl","size":13.5115538103,"r":84,"g":116,"b":146,"a":64},{"x":10.2218379974,"y":-2.6825013161,"label":"Multi-uav\nSystems","size":12.0705909189,"r":96,"g":94,"b":37,"a":64},{"x":4.7020983696,"y":5.6703691483,"label":"Multi-view\nClustering","size":12.5032178304,"r":107,"g":48,"b":103,"a":64},{"x":4.9231967926,"y":5.4161176682,"label":"Multi-view\nLearning","size":12.2161334219,"r":110,"g":57,"b":105,"a":64},{"x":10.1397848129,"y":-3.4138116837,"label":"Multiagent\nReinforcement\nLearning In\nStarcraft Ii And\nGames","size":13.9710292535,"r":93,"g":85,"b":26,"a":64},{"x":11.9729318619,"y":-2.666277647,"label":"Multiplayer\nVideo Games","size":12.035804666,"r":29,"g":81,"b":15,"a":64},{"x":5.8204298019,"y":-0.1973717362,"label":"Multivariate\nTime Series\nForecasting","size":12.551611469,"r":111,"g":44,"b":13,"a":64},{"x":6.1863827705,"y":10.1702947617,"label":"Musculoskeletal\nRadiograph\nAbnormality\nDetection With\nDeep","size":12.2903461234,"r":69,"g":9,"b":137,"a":64},{"x":11.8064422607,"y":12.0559740067,"label":"Music Generation\n1","size":13.8848933883,"r":10,"g":0,"b":163,"a":64},{"x":11.5437707901,"y":11.8954372406,"label":"Music\nInformation\nRetrieval","size":13.0328101481,"r":0,"g":14,"b":138,"a":64},{"x":13.3431768417,"y":7.4451465607,"label":"NLP Tasks","size":12.1694597275,"r":0,"g":64,"b":80,"a":64},{"x":14.3677339554,"y":6.0054454803,"label":"Natural Disaster\nResponse On\nSocial Media","size":12.5751918173,"r":0,"g":72,"b":62,"a":64},{"x":6.2421736717,"y":4.7871417999,"label":"Nearest Neighbor\nClassification","size":12.0,"r":127,"g":81,"b":120,"a":64},{"x":7.8659529686,"y":7.9214463234,"label":"Nerfs And Novel\nView Synthesis","size":12.0,"r":79,"g":81,"b":125,"a":64},{"x":11.6277866364,"y":0.4139941037,"label":"Network\nIntrusion\nDetection\nSystems","size":13.8640286361,"r":22,"g":83,"b":22,"a":64},{"x":2.9636187553,"y":6.6532993317,"label":"Network\nRepresentation\nLearning 1","size":13.4262613722,"r":81,"g":0,"b":87,"a":64},{"x":9.1794395447,"y":3.3423645496,"label":"Neural\nArchitecture\nSearch","size":14.132277191,"r":147,"g":113,"b":60,"a":64},{"x":9.6467037201,"y":3.2829520702,"label":"Neural\nArchitecture\nSearch With\nHardware-aware\nConsiderations","size":12.3046940077,"r":72,"g":133,"b":107,"a":64},{"x":12.4233493805,"y":8.1313199997,"label":"Neural Machine\nTranslation 1","size":14.1047974004,"r":22,"g":75,"b":94,"a":64},{"x":9.333741188,"y":4.1942534447,"label":"Neural Network\nPruning 1","size":14.3432341117,"r":90,"g":122,"b":153,"a":64},{"x":12.1120548248,"y":2.0522067547,"label":"Neural Network\nVerification 1","size":12.8215999198,"r":55,"g":113,"b":84,"a":64},{"x":7.2346200943,"y":4.7183504105,"label":"Neural Networks\nApproximation","size":13.8900727728,"r":125,"g":87,"b":132,"a":64},{"x":4.5980792046,"y":0.7555859685,"label":"Neural Odes And\nDynamical\nSystems 1","size":12.5032178304,"r":117,"g":45,"b":34,"a":64},{"x":4.3203668594,"y":0.7718995214,"label":"Neural Odes And\nDynamical\nSystems 2","size":12.7714756954,"r":110,"g":31,"b":24,"a":64},{"x":12.0280485153,"y":10.7502212524,"label":"Neural Speech\nSynthesis","size":13.9710292535,"r":13,"g":66,"b":104,"a":64},{"x":8.873749733,"y":4.7999358177,"label":"Noise-robust\nMachine Learning\n1","size":13.5243055527,"r":105,"g":114,"b":156,"a":64},{"x":5.2536077499,"y":-2.1421871185,"label":"Non-intrusive\nLoad Monitoring","size":12.1535130681,"r":66,"g":8,"b":3,"a":64},{"x":3.6849656105,"y":4.5372805595,"label":"Nonnegative\nMatrix\nFactorization","size":13.8848933883,"r":100,"g":0,"b":67,"a":64},{"x":6.1122331619,"y":6.4380807877,"label":"Normalizing\nFlows","size":12.4783701445,"r":92,"g":28,"b":116,"a":64},{"x":9.2948923111,"y":7.0788888931,"label":"Object Detection","size":12.0876227504,"r":65,"g":92,"b":125,"a":64},{"x":10.1656484604,"y":-5.2443056107,"label":"Offline RL And\nBehavior\nPolicies","size":12.5032178304,"r":53,"g":25,"b":0,"a":64},{"x":9.1590023041,"y":-3.942581892,"label":"Online Control","size":12.6324692907,"r":90,"g":57,"b":9,"a":64},{"x":7.7336316109,"y":-2.6041927338,"label":"Online Learning\nAlgorithms And\nOptimization","size":12.0876227504,"r":112,"g":67,"b":20,"a":64},{"x":7.7787451744,"y":-2.7065832615,"label":"Online Learning\nWith Dynamic\nRegret Bounds","size":12.0,"r":109,"g":62,"b":7,"a":64},{"x":8.8740434647,"y":2.0091338158,"label":"Online Machine\nLearning And\nConcept Drift\nDetection","size":13.3293082017,"r":148,"g":105,"b":60,"a":64},{"x":5.0899944305,"y":11.1006813049,"label":"Ophthalmic\nDiagnosis Using\nDeep Learning On\nRetinal Images","size":13.2786213258,"r":77,"g":0,"b":159,"a":64},{"x":5.6089396477,"y":5.814218998,"label":"Optimal\nTransport And\nMachine Learning","size":14.1094048166,"r":106,"g":65,"b":113,"a":64},{"x":13.8190412521,"y":4.1574888229,"label":"Ordinal\nRegression And\nRanking Methods\nFor Peer Review","size":12.4141990608,"r":24,"g":92,"b":71,"a":64},{"x":10.1357116699,"y":1.2316542864,"label":"Out-of-\ndistribution\nDetection\nTechniques For\nDeep Neural\nNetwork","size":13.0917322097,"r":89,"g":122,"b":74,"a":64},{"x":8.8602180481,"y":5.4796519279,"label":"Out-of-\ndistribution\nRobustness","size":13.8053916583,"r":98,"g":111,"b":151,"a":64},{"x":10.4917144775,"y":0.8051809669,"label":"Outlier\nDetection","size":12.1694597275,"r":81,"g":116,"b":70,"a":64},{"x":4.5639562607,"y":2.9026548862,"label":"PGM Inference 2","size":12.8700873052,"r":112,"g":30,"b":54,"a":64},{"x":8.8056020737,"y":10.2765607834,"label":"Parkinson's\nDisease\nDiagnosis And\nMonitoring","size":12.053320865,"r":0,"g":24,"b":147,"a":64},{"x":12.212266922,"y":7.0515837669,"label":"Parsing Methods","size":12.9077794786,"r":33,"g":95,"b":105,"a":64},{"x":8.5998792648,"y":6.9947247505,"label":"Person Re-\nidentification","size":12.1535130681,"r":83,"g":95,"b":135,"a":64},{"x":14.0210027695,"y":-0.6888281107,"label":"Personalized\nFederated\nLearning","size":12.053320865,"r":2,"g":57,"b":1,"a":64},{"x":4.409309864,"y":4.6248407364,"label":"Phase Retrieval\nAnd Related\nProblems","size":12.0876227504,"r":110,"g":40,"b":90,"a":64},{"x":2.6023375988,"y":-0.0007972038,"label":"Photonic Neural\nNetworks And\nOptical\nComputing","size":12.9445558754,"r":69,"g":2,"b":1,"a":64},{"x":11.8409004211,"y":-3.8627221584,"label":"Physical\nReasoning And\nEmbodiment","size":12.5751918173,"r":30,"g":72,"b":1,"a":64},{"x":3.7264344692,"y":0.4810637832,"label":"Physics-informed\nNeural Networks\nAnd Partial\nDifferential\nEquations","size":13.9956229289,"r":96,"g":0,"b":4,"a":64},{"x":8.4591913223,"y":7.6195383072,"label":"Point Cloud\nProcessing And\nUnderstanding In\n3d","size":12.7405600278,"r":74,"g":83,"b":125,"a":64},{"x":12.5102109909,"y":7.2746896744,"label":"Pre-training And\nFine-tuning NLP\nModels","size":13.0328101481,"r":19,"g":82,"b":95,"a":64},{"x":5.1259865761,"y":-0.4580306411,"label":"Precipitation\nPrediction Using\nDeep Learning","size":14.5524522584,"r":99,"g":23,"b":0,"a":64},{"x":7.5835561752,"y":10.1118450165,"label":"Predictive\nModels Using\nDeep Learning On\nElectronic\nHealth Records","size":12.8411842805,"r":43,"g":46,"b":137,"a":64},{"x":14.5809030533,"y":-0.1785866022,"label":"Privacy\nPreservation\nTechniques In\nVertical And\nCross-silo\nFederated\nMachine","size":13.3293082017,"r":2,"g":58,"b":1,"a":64},{"x":14.9106407166,"y":0.7212455273,"label":"Privacy-\npreserving Data\nGeneration And\nSynthesis","size":12.7612428493,"r":10,"g":65,"b":22,"a":64},{"x":14.6999559402,"y":0.354344368,"label":"Privacy-\npreserving\nMachine Learning\nWith\nCryptographic\nTechniques","size":13.7279071978,"r":7,"g":71,"b":20,"a":64},{"x":12.4218349457,"y":4.6781291962,"label":"Program\nSynthesis &\nNeural Programs","size":12.2611687771,"r":30,"g":102,"b":93,"a":64},{"x":2.0141863823,"y":5.1386141777,"label":"Protein Sequence\nUnderstanding","size":12.3046940077,"r":76,"g":1,"b":57,"a":64},{"x":8.1160545349,"y":3.8853092194,"label":"Pu Learning And\nNoisy Labels","size":12.4402321311,"r":149,"g":100,"b":140,"a":64},{"x":11.9993219376,"y":-4.7235012054,"label":"Quadruped\nLocomotion","size":13.1485291304,"r":8,"g":41,"b":5,"a":64},{"x":10.0532312393,"y":4.0268774033,"label":"Quantization Of\nNeural Networks\n1","size":13.6762641794,"r":62,"g":128,"b":127,"a":64},{"x":0.3096852899,"y":2.9500639439,"label":"Quantum Machine\nLearning 2","size":12.018033977,"r":67,"g":4,"b":16,"a":64},{"x":0.3427602351,"y":3.0221283436,"label":"Quantum Machine\nLearning 3","size":12.9715676115,"r":68,"g":1,"b":19,"a":64},{"x":1.4389545918,"y":3.3864109516,"label":"Quantum Many-\nbody Machine\nLearning","size":12.7816377247,"r":91,"g":0,"b":40,"a":64},{"x":13.1853904724,"y":6.9568433762,"label":"Question\nAnswering\nDatasets","size":12.3046940077,"r":1,"g":82,"b":86,"a":64},{"x":9.2341909409,"y":-0.7894384861,"label":"Radar-based\nAutonomous\nDriving","size":12.035804666,"r":131,"g":103,"b":49,"a":64},{"x":6.047744751,"y":10.5256710052,"label":"Radiomics And\nMedical Image\nAnalysis For\nBrain Tumors","size":12.2463307796,"r":62,"g":0,"b":148,"a":64},{"x":12.6985006332,"y":2.348115921,"label":"Randomized\nSmoothing For\nAdversarial\nRobustness","size":12.2758391066,"r":43,"g":104,"b":78,"a":64},{"x":14.3637142181,"y":4.1055879593,"label":"Ranking From\nPairwise\nPreferences","size":13.5243055527,"r":20,"g":86,"b":61,"a":64},{"x":4.4868636131,"y":0.1400338858,"label":"Rc And Esn For\nTime Series\nPrediction","size":13.1244363546,"r":103,"g":21,"b":1,"a":64},{"x":15.2278814316,"y":4.3279633522,"label":"Recommendation\nSystems 2","size":13.5432576428,"r":3,"g":63,"b":33,"a":64},{"x":11.3840141296,"y":6.8651776314,"label":"Recurrent Neural\nNetworks","size":13.6170576159,"r":55,"g":112,"b":125,"a":64},{"x":11.6073026657,"y":6.854467392,"label":"Recurrent Neural\nNetworks (rnns)\nAnd Language\nModeling","size":12.1852082817,"r":51,"g":110,"b":121,"a":64},{"x":9.3734045029,"y":-4.5323534012,"label":"Regret\nMinimization In\nMdps","size":12.8700873052,"r":76,"g":44,"b":4,"a":64},{"x":11.0576334,"y":-4.0043473244,"label":"Reinforcement\nLearning 2","size":12.6766845644,"r":61,"g":73,"b":7,"a":64},{"x":9.6616230011,"y":-4.4830536842,"label":"Reinforcement\nLearning And\nMarkov Decision\nProcesses (mdps","size":12.2007643798,"r":78,"g":52,"b":5,"a":64},{"x":11.0686645508,"y":-3.4516949654,"label":"Reinforcement\nLearning\nExplanation","size":12.4402321311,"r":69,"g":83,"b":16,"a":64},{"x":6.5595407486,"y":-3.0677134991,"label":"Reinforcement\nLearning In\nHealthcare","size":12.4783701445,"r":83,"g":27,"b":1,"a":64},{"x":5.0214552879,"y":-1.9251172543,"label":"Reinforcement\nLearning In\nPower Systems","size":13.0413648035,"r":66,"g":8,"b":3,"a":64},{"x":9.5767717361,"y":-1.9307005405,"label":"Reinforcement\nLearning In\nWireless\nNetworks","size":14.3513826908,"r":115,"g":95,"b":39,"a":64},{"x":12.446475029,"y":6.5315155983,"label":"Relation\nExtraction\nTechniques","size":12.9077794786,"r":38,"g":103,"b":108,"a":64},{"x":11.0326623917,"y":-4.3885622025,"label":"Representation\nLearning And\nModeling In\nReinforcement\nLearning","size":12.9536128745,"r":51,"g":59,"b":9,"a":64},{"x":6.8385343552,"y":9.3301382065,"label":"Resting State\nFmri Machine\nLearning","size":12.7509380244,"r":76,"g":67,"b":128,"a":64},{"x":9.2458457947,"y":-1.2325775623,"label":"Rf Signal\nModulation\nClassification\nUnder\nAdversarial\nConditions","size":13.2638471552,"r":127,"g":100,"b":46,"a":64},{"x":6.0618257523,"y":2.9197061062,"label":"Riemannian\nOptimization","size":12.3046940077,"r":130,"g":71,"b":81,"a":64},{"x":11.5806474686,"y":-4.3870472908,"label":"Robot\nManipulation\nLearning 1","size":13.7222424863,"r":30,"g":51,"b":6,"a":64},{"x":11.3195896149,"y":-3.0546061993,"label":"Robot Navigation\nIn Unstructured\nEnvironments","size":12.3046940077,"r":62,"g":87,"b":28,"a":64},{"x":12.2383089066,"y":-4.2755184174,"label":"Robotic Grasping","size":12.018033977,"r":5,"g":43,"b":3,"a":64},{"x":5.1351919174,"y":3.8065321445,"label":"Robust\nRegression And\nMean Estimation","size":12.4009919228,"r":126,"g":70,"b":92,"a":64},{"x":12.3665037155,"y":2.2875027657,"label":"Robustness\nVerification Of\nNeural Networks","size":12.3468222329,"r":52,"g":113,"b":87,"a":64},{"x":4.0091714859,"y":0.2294500619,"label":"Roms And Fluid\nDynamics","size":12.3468222329,"r":96,"g":4,"b":0,"a":64},{"x":10.1455783844,"y":-4.036362648,"label":"Safe\nReinforcement\nLearning 1","size":12.6875284723,"r":85,"g":72,"b":12,"a":64},{"x":3.966155529,"y":-0.6565623879,"label":"Seismic Data\nInversion With\nGANs, Neural\nOperators","size":12.3605722028,"r":70,"g":1,"b":0,"a":64},{"x":4.0482411385,"y":-0.8646320105,"label":"Seismic Event\nDetection","size":12.1044238887,"r":69,"g":2,"b":1,"a":64},{"x":9.1236953735,"y":11.1096582413,"label":"Seizure\nDetection Using\nEeg","size":12.6875284723,"r":30,"g":0,"b":168,"a":64},{"x":9.1579771042,"y":7.2185292244,"label":"Semantic And\nInstance\nSegmentation","size":13.6230688363,"r":67,"g":90,"b":124,"a":64},{"x":8.4158449173,"y":5.4489374161,"label":"Semi-supervised\nLearning Methods","size":13.3293082017,"r":111,"g":106,"b":152,"a":64},{"x":12.7810602188,"y":7.1280293465,"label":"Sentence And\nWord Embedding\nMethods","size":12.9170573906,"r":14,"g":83,"b":93,"a":64},{"x":14.0594291687,"y":6.7072963715,"label":"Sentiment\nAnalysis","size":14.1094048166,"r":0,"g":67,"b":69,"a":64},{"x":7.4430017471,"y":10.4215507507,"label":"Sepsis\nprediction","size":12.5276256893,"r":44,"g":19,"b":145,"a":64},{"x":15.4104766846,"y":4.675983429,"label":"Session-based\nRecommendations","size":13.0999719393,"r":0,"g":50,"b":22,"a":64},{"x":8.0935134888,"y":7.8177065849,"label":"Shape\nRepresentations\nAnd\nReconstruction","size":13.2786213258,"r":77,"g":81,"b":126,"a":64},{"x":11.9434518814,"y":11.4096059799,"label":"Singing Voice\nSynthesis And\nAudio Synthesis","size":12.4783701445,"r":1,"g":46,"b":107,"a":64},{"x":6.1384353638,"y":7.8690128326,"label":"Single Image\nSuper Resolution","size":12.9981122402,"r":90,"g":46,"b":121,"a":64},{"x":9.4283370972,"y":8.6535339355,"label":"Skeleton Based\nAction\nRecognition","size":12.018033977,"r":0,"g":64,"b":126,"a":64},{"x":5.8109464645,"y":11.2842435837,"label":"Skin Lesion\nClassification","size":12.6324692907,"r":77,"g":0,"b":159,"a":64},{"x":8.8115816116,"y":10.8600502014,"label":"Sleep Staging\nAnd\nClassification","size":12.8508808034,"r":20,"g":0,"b":170,"a":64},{"x":5.1713261604,"y":-1.1266573668,"label":"Solar Energy\nForecasting","size":12.7714756954,"r":82,"g":3,"b":0,"a":64},{"x":2.0360405445,"y":0.5982049108,"label":"Solar Flare\nPrediction","size":12.2463307796,"r":68,"g":4,"b":2,"a":64},{"x":11.4422912598,"y":11.4007873535,"label":"Sound Event\nClassification\nAnd Detection","size":13.3005357259,"r":0,"g":45,"b":120,"a":64},{"x":11.7298250198,"y":7.4581689835,"label":"Sparse Attention\nFor Transformers","size":12.8700873052,"r":40,"g":99,"b":111,"a":64},{"x":9.0539703369,"y":4.1596608162,"label":"Sparse Neural\nNetworks","size":12.4272781773,"r":108,"g":119,"b":160,"a":64},{"x":4.7339792252,"y":4.5946760178,"label":"Sparse-signal-\nrecovery","size":12.9077794786,"r":113,"g":56,"b":97,"a":64},{"x":10.4588832855,"y":-0.8875502944,"label":"Spatial-temporal\nGraph\nConvolutional\nNetworks For","size":12.5276256893,"r":94,"g":110,"b":56,"a":64},{"x":12.9013690948,"y":10.8229379654,"label":"Speaker\nRecognition","size":13.7051396264,"r":11,"g":52,"b":90,"a":64},{"x":3.8504736423,"y":5.7967891693,"label":"Spectral\nClustering","size":12.2313205735,"r":103,"g":30,"b":97,"a":64},{"x":2.003670454,"y":4.3020544052,"label":"Spectroscopy\nMachine Learning","size":12.2161334219,"r":83,"g":0,"b":44,"a":64},{"x":10.5704460144,"y":10.1499853134,"label":"Speech Emotion\nRecognition And\nRelated Topics","size":12.5983823731,"r":2,"g":64,"b":120,"a":64},{"x":12.3201961517,"y":11.1107711792,"label":"Speech\nEnhancement","size":13.075122227,"r":9,"g":54,"b":97,"a":64},{"x":12.4558334351,"y":10.1642627716,"label":"Speech\nRecognition","size":14.8601304022,"r":21,"g":72,"b":100,"a":64},{"x":11.6403932571,"y":10.6545038223,"label":"Speech\nRecognition And\nSynthesis","size":12.7509380244,"r":14,"g":71,"b":109,"a":64},{"x":8.1176700592,"y":5.8283514977,"label":"Spiking Neural\nNetworks 1","size":13.8796993796,"r":113,"g":102,"b":149,"a":64},{"x":13.210193634,"y":11.1917610168,"label":"Spoofing Attacks\nAnd\nCountermeasures\nIn Speech\nProcess","size":13.1485291304,"r":6,"g":44,"b":88,"a":64},{"x":12.5496177673,"y":6.1959204674,"label":"Sql And Natural\nLanguage\nInterface To\nKnowledge Graphs","size":12.3876538008,"r":42,"g":109,"b":110,"a":64},{"x":9.1685743332,"y":-3.2941498756,"label":"Stochastic Games\nAnd Multi-agent\nReinforcement\nLearning","size":12.2903461234,"r":104,"g":74,"b":13,"a":64},{"x":6.6538653374,"y":2.5608084202,"label":"Stochastic\nGradient Descent\nFor Nonconvex\nOptimization","size":12.4783701445,"r":142,"g":80,"b":84,"a":64},{"x":7.6854920387,"y":-3.8019878864,"label":"Stochastic\nLinear And\nContextual\nBandits","size":12.1694597275,"r":68,"g":20,"b":2,"a":64},{"x":4.9624004364,"y":1.7933028936,"label":"Stochastic\nProcesses","size":12.053320865,"r":119,"g":49,"b":49,"a":64},{"x":6.8378143311,"y":-1.0667361021,"label":"Stock Market\nPrediction","size":12.3329282793,"r":106,"g":52,"b":3,"a":64},{"x":5.5541625023,"y":3.3545749187,"label":"Structured\nPrediction","size":12.5396702738,"r":127,"g":69,"b":87,"a":64},{"x":5.8745207787,"y":2.5586793423,"label":"Submodular\nMaximization","size":13.3645843586,"r":125,"g":66,"b":74,"a":64},{"x":5.9106054306,"y":2.1986556053,"label":"Submodular\nMaximization And\nSequence\nPrediction 1","size":12.0,"r":130,"g":71,"b":70,"a":64},{"x":4.3700323105,"y":5.0747108459,"label":"Subspace\nClustering And\nSparse Subspace\nClustering","size":12.6098361101,"r":108,"g":40,"b":95,"a":64},{"x":6.5979647636,"y":10.5917787552,"label":"Surgical Skill\nAnalysis Using\nMachine Learning","size":12.1210014956,"r":53,"g":0,"b":147,"a":64},{"x":6.3875780106,"y":3.9330916405,"label":"Svm Training And\nApplications","size":13.2187033352,"r":140,"g":83,"b":112,"a":64},{"x":13.5231704712,"y":8.2949972153,"label":"Task-oriented\nDialogue Systems","size":12.3046940077,"r":2,"g":41,"b":69,"a":64},{"x":9.6442146301,"y":-5.0567202568,"label":"Temporal\nDifference\nLearning And\nOff-policy\nEvaluation For\nMdps","size":13.7559648902,"r":56,"g":22,"b":0,"a":64},{"x":3.3969340324,"y":3.9572048187,"label":"Tensor\nDecomposition\nAnd Completion","size":14.3185862924,"r":109,"g":21,"b":64,"a":64},{"x":13.0244112015,"y":7.9629721642,"label":"Text Generation\nAnd Natural\nLanguage\nProcessing\nTopics","size":14.0102257952,"r":5,"g":54,"b":78,"a":64},{"x":11.8952360153,"y":11.7389526367,"label":"Timbral\nSynthesis And\nAudio Signal\nAnalysis","size":12.4657754945,"r":0,"g":36,"b":117,"a":64},{"x":10.5562152863,"y":0.4268067777,"label":"Time Series\nAnomaly\nDetection","size":13.0999719393,"r":78,"g":112,"b":66,"a":64},{"x":5.9518370628,"y":0.3556698263,"label":"Time Series\nClassification","size":12.3605722028,"r":119,"g":59,"b":35,"a":64},{"x":5.8959503174,"y":0.5388881564,"label":"Time Series\nClustering And\nClassification\nUsing Dynamic\nTime Warping And","size":12.5276256893,"r":124,"g":71,"b":50,"a":64},{"x":5.9921941757,"y":-0.5968410373,"label":"Time Series\nForecasting 1","size":13.8108010399,"r":107,"g":43,"b":0,"a":64},{"x":13.6564683914,"y":6.2771878242,"label":"Topic Models And\nText Analysis","size":14.7390024188,"r":0,"g":82,"b":80,"a":64},{"x":4.888171196,"y":6.2763004303,"label":"Topological\nMachine Learning\n1","size":12.8411842805,"r":99,"g":42,"b":111,"a":64},{"x":3.1704015732,"y":-0.2299273759,"label":"Topology\nOptimization And\nDeep Learning In\nEngineering\nDesign","size":12.4530636818,"r":67,"g":6,"b":2,"a":64},{"x":10.6360855103,"y":-1.837505579,"label":"Traffic Signal\nControl Using\nDeep\nReinforcement\nLearning","size":13.0413648035,"r":86,"g":101,"b":47,"a":64},{"x":10.5999679565,"y":-1.0235569477,"label":"Traffic\nforecasting","size":13.8744906499,"r":89,"g":108,"b":56,"a":64},{"x":11.3345470428,"y":-1.7966979742,"label":"Trajpred-\nautonomousdriving","size":13.5805493138,"r":59,"g":93,"b":44,"a":64},{"x":9.2095918655,"y":5.827562809,"label":"Transfer\nLearning","size":13.2712509283,"r":84,"g":108,"b":143,"a":64},{"x":8.3323755264,"y":2.6136648655,"label":"Tree Based\nLearning Models","size":13.646909827,"r":155,"g":97,"b":74,"a":64},{"x":10.0327739716,"y":-2.349521637,"label":"Uavs And Deep\nReinforcement\nLearning In\nWireless\nNetworks","size":12.8890511859,"r":104,"g":96,"b":39,"a":64},{"x":7.9856209755,"y":3.2978880405,"label":"Uncertainty\nEstimation","size":13.4329767103,"r":158,"g":95,"b":109,"a":64},{"x":8.1450481415,"y":3.4661178589,"label":"Uncertainty\nQuantification","size":12.035804666,"r":157,"g":96,"b":117,"a":64},{"x":7.2699403763,"y":7.593682766,"label":"Unpaired Image\nTranslation","size":13.0068598656,"r":97,"g":82,"b":128,"a":64},{"x":9.1077165604,"y":6.3445692062,"label":"Unsupervised\nDomain\nAdaptation (uda","size":13.6230688363,"r":79,"g":99,"b":136,"a":64},{"x":6.7482414246,"y":6.6050128937,"label":"Variational\nAutoencoders","size":14.6565789915,"r":102,"g":72,"b":118,"a":64},{"x":5.2124943733,"y":2.7916517258,"label":"Variational\nInference","size":12.7816377247,"r":121,"g":53,"b":67,"a":64},{"x":10.5122699738,"y":-4.7508435249,"label":"Various Deep\nReinforcement\nLearning\nTechniques And\nApplications","size":12.8411842805,"r":47,"g":37,"b":0,"a":64},{"x":9.2152681351,"y":8.178276062,"label":"Video Generation\nAnd Prediction","size":12.6547478762,"r":30,"g":71,"b":126,"a":64},{"x":10.2281866074,"y":7.2071447372,"label":"Vision\nTransformers For\nImage Modeling","size":13.4059532856,"r":63,"g":100,"b":127,"a":64},{"x":10.8707704544,"y":7.6608324051,"label":"Visual Question\nAnswering And\nRelated Topics","size":12.7509380244,"r":46,"g":97,"b":115,"a":64},{"x":9.2796897888,"y":7.6775250435,"label":"Visual Tracking\nAnd Object\nSegmentation","size":13.1485291304,"r":46,"g":80,"b":124,"a":64},{"x":12.6272268295,"y":4.0034074783,"label":"Vulnerability\nDetection","size":12.4530636818,"r":32,"g":101,"b":83,"a":64},{"x":9.2955799103,"y":4.9284262657,"label":"Weak Supervision","size":12.8984443537,"r":87,"g":118,"b":150,"a":64},{"x":12.8812141418,"y":6.8687701225,"label":"Word Embeddings\nAnd NLP Tasks 1","size":13.9858241838,"r":24,"g":92,"b":98,"a":64},{"x":11.4081802368,"y":3.9982838631,"label":"Xai Methods For\nModel\nExplanation","size":12.4783701445,"r":48,"g":116,"b":105,"a":64},{"x":9.9336900711,"y":6.644803524,"label":"Zero-shot\nLearning","size":12.8017538377,"r":65,"g":100,"b":128,"a":64},{"x":8.6335353851,"y":7.5261111259,"label":"3d Object\nDetection And\nPerception","size":16.5526035536,"r":73,"g":87,"b":126,"a":64},{"x":12.5977344513,"y":2.5878088474,"label":"Adversarial\nAttacks And\nDefenses In\nMachine Learning","size":19.0490228513,"r":38,"g":102,"b":78,"a":64},{"x":10.8655538559,"y":0.6178944111,"label":"Anomaly\nDetection &\nIntrusion\nDetection","size":17.0463571348,"r":48,"g":91,"b":41,"a":64},{"x":11.2166090012,"y":-2.0189518929,"label":"Autonomous\nDriving Research","size":15.7813393708,"r":68,"g":96,"b":49,"a":64},{"x":3.8868174553,"y":2.2659928799,"label":"Causality\nMachine Learning","size":16.4850351493,"r":103,"g":1,"b":34,"a":64},{"x":7.553235054,"y":10.2158098221,"label":"Clinical Machine\nLearning","size":16.8204187417,"r":42,"g":40,"b":139,"a":64},{"x":4.2468605042,"y":5.4303817749,"label":"Clustering\nAlgorithms And\nTechniques","size":15.823737177,"r":108,"g":40,"b":97,"a":64},{"x":9.8748035431,"y":3.2628743649,"label":"DNN Acceleration","size":16.2732722892,"r":70,"g":132,"b":107,"a":64},{"x":6.6219491959,"y":6.460337162,"label":"Deep Generative\nModels And\nVariational\nAutoencoders","size":16.0982624592,"r":101,"g":67,"b":117,"a":64},{"x":8.7677488327,"y":1.3539059162,"label":"Distributed\nLearning And\nCommunication","size":15.8005081842,"r":141,"g":100,"b":54,"a":64},{"x":9.0445823669,"y":5.9787211418,"label":"Domain\nAdaptation","size":16.1301244728,"r":88,"g":105,"b":143,"a":64},{"x":11.3935213089,"y":3.9540810585,"label":"Explainable AI\nAnd Machine\nLearning\nExplanation\nMethods","size":17.5746379295,"r":49,"g":118,"b":105,"a":64},{"x":13.3160429001,"y":1.356306076,"label":"Fair Machine\nLearning","size":16.0371955096,"r":27,"g":96,"b":63,"a":64},{"x":14.114824295,"y":-0.3833075762,"label":"Federated\nLearning And\nPrivacy\nTechniques","size":17.5217108197,"r":2,"g":73,"b":12,"a":64},{"x":9.9800157547,"y":6.2688579559,"label":"Few-shot And\nZero-shot\nLearning","size":15.6585889059,"r":71,"g":107,"b":135,"a":64},{"x":5.2679839134,"y":1.5955008268,"label":"Gaussian\nProcesses","size":16.0313951801,"r":122,"g":59,"b":56,"a":64},{"x":6.8973317146,"y":7.4565091133,"label":"Generative\nAdversarial\nNetworks","size":16.5350687004,"r":96,"g":75,"b":122,"a":64},{"x":3.1058039665,"y":6.8955950737,"label":"Graph Neural\nNetworks And\nRelated Topics 1","size":18.0958432329,"r":80,"g":0,"b":93,"a":64},{"x":10.5187969208,"y":-0.8873622417,"label":"Intelligent\nTransportation\nSystems And\nHuman Mobility\nAnalysis","size":16.2144270157,"r":92,"g":110,"b":57,"a":64},{"x":6.1353201866,"y":3.5811963081,"label":"Machine Learning\nBounds And Lower\nBounds","size":15.5006729808,"r":139,"g":80,"b":101,"a":64},{"x":1.9528744221,"y":0.9619442225,"label":"Machine Learning\nIn Astronomy","size":15.624633349,"r":68,"g":4,"b":3,"a":64},{"x":1.8902922869,"y":5.0238113403,"label":"Machine Learning\nIn Chemistry And\nBioinformatics","size":17.5091901338,"r":75,"g":1,"b":48,"a":64},{"x":9.3664417267,"y":10.2902336121,"label":"Machine Learning\nIn Healthcare","size":17.5544759415,"r":0,"g":33,"b":139,"a":64},{"x":3.998234272,"y":0.2356460243,"label":"Machine Learning\nIn Physics And\nFluid Dynamics","size":18.0462495719,"r":96,"g":4,"b":0,"a":64},{"x":6.7398138046,"y":2.6407184601,"label":"Machine Learning\nOptimization\nAlgorithms","size":16.4473067403,"r":144,"g":83,"b":87,"a":64},{"x":4.7195100784,"y":4.1881690025,"label":"Machine Learning\nTechniques","size":17.2978071427,"r":118,"g":61,"b":90,"a":64},{"x":8.0005121231,"y":3.1856813431,"label":"Machine Learning\nTechniques And\nTopics","size":17.5544759415,"r":159,"g":95,"b":105,"a":64},{"x":5.1440148354,"y":5.4659609795,"label":"Machine Learning\nTopics","size":15.3107844123,"r":110,"g":61,"b":106,"a":64},{"x":5.8669724464,"y":10.011548996,"label":"Medical Image\nSegmentation And\nAnalysis With\nMachine Learning","size":19.0775104579,"r":73,"g":0,"b":134,"a":64},{"x":7.7990584373,"y":-3.4121611118,"label":"Multi-armed\nBandit Problem","size":18.2001568308,"r":87,"g":40,"b":4,"a":64},{"x":12.4293088913,"y":7.2247629166,"label":"NLP Models And\nEmbeddings","size":18.8071095427,"r":24,"g":87,"b":98,"a":64},{"x":13.8152770996,"y":6.4501428604,"label":"Natural Language\nProcessing (nlp","size":15.6495804592,"r":0,"g":75,"b":75,"a":64},{"x":9.2575559616,"y":4.1776795387,"label":"Neural Network\nPruning","size":15.4546186812,"r":92,"g":123,"b":155,"a":64},{"x":7.4884433746,"y":4.3290629387,"label":"Overparameterization\nAnd Training In\nDeep Learning","size":17.9674450945,"r":138,"g":94,"b":137,"a":64},{"x":5.0179824829,"y":2.785541296,"label":"PGM Inference","size":16.3083064082,"r":118,"g":46,"b":63,"a":64},{"x":5.115254879,"y":-1.6392896175,"label":"Power Systems\nAnd Energy\nDisaggregation","size":15.7555474178,"r":69,"g":3,"b":1,"a":64},{"x":15.1524963379,"y":0.5649567842,"label":"Privacy And\nMachine Learning","size":16.105794857,"r":5,"g":53,"b":6,"a":64},{"x":0.3747493923,"y":3.0489268303,"label":"Quantum Machine\nLearning","size":15.9706726191,"r":73,"g":0,"b":23,"a":64},{"x":14.8976774216,"y":4.5880680084,"label":"Recommendation\nSystems 1","size":17.7745724717,"r":0,"g":75,"b":53,"a":64},{"x":10.3937511444,"y":-4.6015338898,"label":"Reinforcement\nLearning\nTechniques And\nApplications","size":19.0432978988,"r":61,"g":48,"b":0,"a":64},{"x":11.6611013412,"y":-4.3126482964,"label":"Robot\nManipulation\nLearning","size":15.5716237799,"r":29,"g":55,"b":4,"a":64},{"x":6.8434381485,"y":-0.1032892168,"label":"Satellite\nImagery And\nMachine Learning\nApplications","size":15.5832472385,"r":124,"g":78,"b":43,"a":64},{"x":12.1529359818,"y":11.0549030304,"label":"Speech\nProcessing And\nSynthesis","size":18.8048110628,"r":11,"g":61,"b":102,"a":64},{"x":8.1249628067,"y":5.5428395271,"label":"Spiking Neural\nNetworks","size":15.7031378541,"r":119,"g":103,"b":150,"a":64},{"x":5.9604878426,"y":-0.1991021633,"label":"Time Series\nForecasting And\nClassification","size":16.1226628023,"r":113,"g":49,"b":15,"a":64},{"x":10.6716194153,"y":7.9974956512,"label":"Vision-language\nModels","size":15.6017287778,"r":46,"g":92,"b":116,"a":64},{"x":9.3605661392,"y":-1.627645731,"label":"Wireless\nNetworks And\nMachine Learning","size":16.9925412001,"r":119,"g":95,"b":41,"a":64},{"x":8.2501878738,"y":3.5765807629,"label":"Advanced Topics\nIn Deep Learning","size":22.0347144206,"r":156,"g":98,"b":127,"a":64},{"x":12.2248849869,"y":3.0794029236,"label":"Adversarial\nAttacks And\nDefense In\nNeural Networks","size":20.5675818057,"r":46,"g":111,"b":90,"a":64},{"x":4.506550312,"y":4.9121289253,"label":"Graph Neural\nNetworks And\nRelated Topics","size":21.9066180796,"r":111,"g":46,"b":96,"a":64},{"x":7.1897029877,"y":10.1052942276,"label":"Medical Image\nAnalysis","size":21.4887638639,"r":57,"g":50,"b":134,"a":64},{"x":13.2030906677,"y":6.5273227692,"label":"Natural Language\nProcessing","size":22.663800397,"r":21,"g":93,"b":95,"a":64},{"x":10.0215740204,"y":-3.3695034981,"label":"Reinforcement\nLearning &\nRelated Topics","size":24.0,"r":97,"g":84,"b":27,"a":64}]