[{"x":8.5555419922,"y":10.4443693161,"label":"Air Quality\nImpacts of\nCOVID19\nLockdowns","size":19.056467609,"r":10,"g":0,"b":163,"a":64},{"x":7.2108335495,"y":7.0401024818,"label":"Airborne\nTransmission of\nCOVID19","size":19.2797114914,"r":0,"g":48,"b":116,"a":64},{"x":1.5010961294,"y":-2.3230240345,"label":"Anti-SARS-CoV-2\nDrug Discovery","size":21.4818440596,"r":39,"g":51,"b":3,"a":64},{"x":1.2794959545,"y":-1.2774751186,"label":"Antiviral Drug\nDevelopment","size":18.138343503,"r":74,"g":75,"b":9,"a":64},{"x":1.537050128,"y":-7.4447202682,"label":"Artificial\nIntelligence for\nCOVID19","size":20.7450785361,"r":8,"g":41,"b":5,"a":64},{"x":4.1986513138,"y":10.5462255478,"label":"COVID-19\nPandemic and\nHealth\nInequalities","size":18.4987693644,"r":105,"g":74,"b":118,"a":64},{"x":2.7843976021,"y":8.5181694031,"label":"COVID-19 and\nSurgery","size":19.7157790081,"r":139,"g":89,"b":126,"a":64},{"x":-0.6613872647,"y":1.9159721136,"label":"COVID19 Antibody\nResponse","size":19.8093176806,"r":142,"g":86,"b":62,"a":64},{"x":5.1346654892,"y":-1.2357372046,"label":"COVID19\nDiagnosis","size":18.8119768244,"r":0,"g":75,"b":58,"a":64},{"x":6.0739612579,"y":3.0818927288,"label":"COVID19 Effects\non Cardiac\nHealth","size":18.0549688424,"r":51,"g":112,"b":121,"a":64},{"x":4.8795547485,"y":8.0620307922,"label":"COVID19\nEpidemiology","size":18.3914780112,"r":95,"g":105,"b":146,"a":64},{"x":2.0102877617,"y":6.0830426216,"label":"COVID19\nMortality","size":20.9841395296,"r":145,"g":87,"b":114,"a":64},{"x":5.9815673828,"y":9.3786067963,"label":"COVID19 NPIs","size":18.0,"r":81,"g":85,"b":127,"a":64},{"x":3.0015540123,"y":-2.4348425865,"label":"COVID19\nNanomedicine","size":18.3043397953,"r":3,"g":69,"b":12,"a":64},{"x":1.5885843039,"y":1.6754666567,"label":"COVID19\nPathophysiology","size":19.4464578749,"r":117,"g":108,"b":49,"a":64},{"x":5.2893557549,"y":-1.7968236208,"label":"COVID19 RNA\nTesting","size":18.1960896461,"r":0,"g":59,"b":32,"a":64},{"x":2.8205168247,"y":3.0843393803,"label":"COVID19\nThrombosis and\nCoagulopathy","size":19.8474317156,"r":72,"g":125,"b":90,"a":64},{"x":2.0155804157,"y":3.2588846684,"label":"Cardiovascular\nComplications","size":18.2340969822,"r":124,"g":117,"b":57,"a":64},{"x":0.3910323977,"y":6.7776141167,"label":"Chest Imaging in\nCOVID19","size":20.0872818786,"r":119,"g":59,"b":87,"a":64},{"x":2.8667645454,"y":6.3312592506,"label":"Clinical and\nEpidemiological\nCharacteristics\nof COVID19","size":21.8106260722,"r":128,"g":108,"b":156,"a":64},{"x":-0.7962573767,"y":-1.7784841061,"label":"Coronavirus\nProteins","size":22.6107809636,"r":72,"g":36,"b":4,"a":64},{"x":-3.1667661667,"y":-1.2150001526,"label":"Coronavirus in\nAnimals","size":19.8852099357,"r":65,"g":10,"b":2,"a":64},{"x":-3.4429271221,"y":-0.8750215173,"label":"Detection of\nViral Infections","size":18.4050555696,"r":72,"g":0,"b":0,"a":64},{"x":4.7581787109,"y":-0.6794833541,"label":"Diagnostic\nTesting for\nSARS-CoV2","size":18.3412742289,"r":24,"g":84,"b":57,"a":64},{"x":7.0976576805,"y":12.2256288528,"label":"Economic Impact\nof COVID-19","size":23.1818991115,"r":56,"g":0,"b":153,"a":64},{"x":2.4776334763,"y":12.3278751373,"label":"Effects of the\nCOVID-19\npandemic on\nmental health","size":28.0,"r":108,"g":28,"b":83,"a":64},{"x":9.1302051544,"y":0.7794395089,"label":"Endovascular\nTreatment for\nCOVID19","size":21.4840522324,"r":0,"g":59,"b":76,"a":64},{"x":6.7553792,"y":9.2085962296,"label":"Epidemic\nForecasting","size":23.568505767,"r":50,"g":69,"b":128,"a":64},{"x":6.9427313805,"y":6.2914299965,"label":"Face Masks and\nPPE","size":20.7061723162,"r":17,"g":75,"b":109,"a":64},{"x":4.9630198479,"y":9.3119344711,"label":"Global\nInfectious\nDisease Threats","size":19.2433442631,"r":101,"g":90,"b":136,"a":64},{"x":0.9151444435,"y":1.8365769386,"label":"Immune Response\nto COVID19","size":19.0180322873,"r":130,"g":103,"b":49,"a":64},{"x":3.9963679314,"y":14.550989151,"label":"Impact of\nCOVID19 on\nEducation","size":21.057147671,"r":64,"g":2,"b":68,"a":64},{"x":3.0947299004,"y":7.4600462914,"label":"Impact of the\nCOVID-19\nPandemic on\nCancer Care","size":18.4455003196,"r":133,"g":98,"b":143,"a":64},{"x":0.0400714539,"y":-0.6590229869,"label":"Innate Immune\nResponse","size":21.6553968935,"r":93,"g":73,"b":12,"a":64},{"x":4.54941082,"y":5.5003933907,"label":"Maternal and\nNeonatal Effects\nof Coronavirus\nSpectrum\nInfections","size":19.3550492623,"r":54,"g":104,"b":122,"a":64},{"x":8.1899213791,"y":9.255739212,"label":"Meteorological\nFactors and\nCOVID19","size":18.1334906599,"r":0,"g":36,"b":134,"a":64},{"x":2.1141808033,"y":-1.4486395121,"label":"Natural Products","size":18.3823992999,"r":27,"g":82,"b":19,"a":64},{"x":0.3733844161,"y":4.8433036804,"label":"Neurological\nManifestations\nof COVID-19","size":18.6031427209,"r":122,"g":63,"b":81,"a":64},{"x":0.7171220779,"y":4.4207873344,"label":"Neurological\nmanifestations\nof COVID19","size":18.9596794479,"r":149,"g":88,"b":104,"a":64},{"x":1.4376808405,"y":3.8436260223,"label":"Pathology of\nCOVID19","size":19.2905589878,"r":147,"g":108,"b":59,"a":64},{"x":0.807483077,"y":0.8464902639,"label":"Pathophysiology\nof COVID19","size":20.8974937162,"r":109,"g":96,"b":39,"a":64},{"x":4.0936617851,"y":12.1363515854,"label":"Perceptions and\nBehaviours in\nResponse to\nCOVID-19","size":20.3231554521,"r":98,"g":28,"b":107,"a":64},{"x":5.8002405167,"y":11.7249822617,"label":"Political\nEconomy of the\nCOVID-19\nPandemic","size":19.796537165,"r":81,"g":46,"b":128,"a":64},{"x":4.2110333443,"y":-2.3930883408,"label":"Rapid Detection\nand Diagnosis of\nCOVID19","size":18.5729910692,"r":6,"g":50,"b":7,"a":64},{"x":-4.2789950371,"y":0.9307554364,"label":"Respiratory\nInfections","size":23.9876164154,"r":92,"g":0,"b":23,"a":64},{"x":2.5643181801,"y":-0.2773151696,"label":"SARS-CoV-2\nAntiviral Drugs","size":19.0296015485,"r":54,"g":96,"b":55,"a":64},{"x":-1.7024294138,"y":2.2818570137,"label":"SARS-CoV-2\nMutation and\nVariant","size":19.4220456684,"r":133,"g":73,"b":76,"a":64},{"x":-2.5414440632,"y":1.1182845831,"label":"SARS-CoV2 Genome\nand Variants","size":18.5686644286,"r":121,"g":54,"b":50,"a":64},{"x":-1.3580487967,"y":0.533880055,"label":"Sars-Cov2 Spike\nProtein and\nNeutralizing\nAntibodies","size":22.5415363934,"r":112,"g":75,"b":29,"a":64},{"x":5.2765674591,"y":6.8217682838,"label":"Seroprevalence\nand Transmission\nof COVID19","size":19.8252397862,"r":62,"g":100,"b":127,"a":64},{"x":5.2827401161,"y":13.5478391647,"label":"Social Media and\nCOVID19 Vaccines","size":19.4185464531,"r":72,"g":0,"b":125,"a":64},{"x":8.4017496109,"y":2.69475317,"label":"Surgical\nTechniques","size":23.9752816013,"r":26,"g":81,"b":104,"a":64},{"x":2.4148616791,"y":10.1242055893,"label":"Telemedicine\nDuring COVID19","size":21.8742299308,"r":133,"g":78,"b":105,"a":64},{"x":-0.1388042271,"y":2.6239769459,"label":"Transmission of\nSARS-CoV-2","size":18.152864155,"r":152,"g":91,"b":81,"a":64},{"x":4.0682396889,"y":1.6025526524,"label":"Treatment and\nPrognosis","size":22.6424319083,"r":31,"g":103,"b":96,"a":64},{"x":7.9018287659,"y":1.5577155352,"label":"Treatment for\nCOVID19 and\nCancer","size":18.8119768244,"r":8,"g":88,"b":86,"a":64},{"x":-3.2113986015,"y":5.3998656273,"label":"Vaccine\nAcceptance","size":19.7611921362,"r":119,"g":56,"b":79,"a":64},{"x":5.5106539726,"y":3.7863903046,"label":"Ventilator\nManagement","size":19.8600614269,"r":64,"g":121,"b":133,"a":64},{"x":-2.7895829678,"y":-0.4771691263,"label":"Viral Diseases\nand Emerging\nZoonoses","size":19.7933360528,"r":96,"g":30,"b":0,"a":64}]